序號,縣市,鄉鎮市區,村里,目前等級,達成時間
1,臺北市,,,銀級,2020-10-23T18:31:41
2,臺北市,松山區,,報名成功,2015-01-07T15:00:19
3,臺北市,松山區,莊敬里,報名成功,2014-11-13T10:28:49
4,臺北市,松山區,東榮里,銅級,2019-10-18T18:05:44
5,臺北市,松山區,三民里,銅級,2018-11-20T15:02:41
6,臺北市,松山區,新益里,報名成功,2014-11-13T10:29:34
7,臺北市,松山區,新東里,報名成功,2019-06-12T13:18:47
8,臺北市,松山區,富泰里,報名成功,2018-07-19T16:28:05
9,臺北市,松山區,介壽里,銅級,2019-11-22T10:09:04
10,臺北市,松山區,精忠里,銅級,2019-05-28T18:46:07
11,臺北市,松山區,東光里,報名成功,2018-07-13T09:51:56
12,臺北市,松山區,龍田里,報名成功,2018-07-20T14:49:06
13,臺北市,松山區,東昌里,報名成功,2018-09-07T12:00:08
14,臺北市,松山區,中華里,報名成功,2018-08-13T09:57:56
15,臺北市,松山區,民有里,報名成功,2018-09-07T14:34:32
16,臺北市,松山區,民福里,報名成功,2018-09-07T13:26:08
17,臺北市,松山區,慈祐里,報名成功,2018-09-07T13:10:22
18,臺北市,松山區,安平里,報名成功,2018-07-26T09:49:42
19,臺北市,松山區,鵬程里,銅級,2025-04-11T09:24:52
20,臺北市,松山區,自強里,報名成功,2018-07-20T14:50:06
21,臺北市,松山區,吉祥里,報名成功,2018-08-13T09:58:10
22,臺北市,松山區,新聚里,報名成功,2018-08-13T10:12:24
23,臺北市,松山區,復盛里,報名成功,2018-07-19T16:20:41
24,臺北市,松山區,中正里,報名成功,2018-09-07T13:15:14
25,臺北市,松山區,中崙里,報名成功,2018-07-19T16:24:23
26,臺北市,松山區,美仁里,報名成功,2018-09-07T13:27:18
27,臺北市,松山區,吉仁里,報名成功,2018-07-26T09:52:33
28,臺北市,松山區,敦化里,報名成功,2018-07-19T16:25:21
29,臺北市,松山區,復建里,銅級,2019-10-18T18:06:06
30,臺北市,松山區,復勢里,報名成功,2014-11-07T11:17:50
31,臺北市,松山區,福成里,報名成功,2014-11-28T15:25:29
32,臺北市,信義區,,銅級,2019-06-28T15:21:21
33,臺北市,信義區,西村里,報名成功,2018-12-11T15:10:57
34,臺北市,信義區,正和里,報名成功,2014-11-07T12:12:42
35,臺北市,信義區,興隆里,銅級,2018-09-07T09:39:05
36,臺北市,信義區,中興里,銅級,2023-10-04T13:17:28
37,臺北市,信義區,新仁里,銅級,2024-10-14T15:47:52
38,臺北市,信義區,興雅里,銅級,2024-08-15T16:39:06
39,臺北市,信義區,廣居里,報名成功,2014-11-10T12:41:36
40,臺北市,信義區,安康里,銅級,2018-09-26T13:19:13
41,臺北市,信義區,六藝里,報名成功,2014-11-11T10:57:32
42,臺北市,信義區,雅祥里,報名成功,2014-11-11T10:14:00
43,臺北市,信義區,五常里,銅級,2018-09-26T13:21:11
44,臺北市,信義區,永吉里,銅級,2019-11-21T20:00:19
45,臺北市,信義區,長春里,報名成功,2014-11-13T10:04:54
46,臺北市,信義區,四育里,報名成功,2014-11-06T15:48:20
47,臺北市,信義區,四維里,報名成功,2017-11-28T16:54:53
48,臺北市,信義區,永春里,報名成功,2017-11-28T17:02:30
49,臺北市,信義區,富台里,銅級,2020-08-22T16:52:18
50,臺北市,信義區,國業里,報名成功,2014-11-06T15:33:57
51,臺北市,信義區,松隆里,報名成功,2014-11-10T09:38:25
52,臺北市,信義區,松友里,報名成功,2014-11-06T15:43:02
53,臺北市,信義區,松光里,報名成功,2014-11-24T11:16:48
54,臺北市,信義區,中坡里,報名成功,2015-10-30T10:57:40
55,臺北市,信義區,中行里,報名成功,2014-11-06T15:33:51
56,臺北市,信義區,大道里,銅級,2024-08-15T16:39:06
57,臺北市,信義區,大仁里,報名成功,2014-11-11T11:40:50
58,臺北市,信義區,景新里,報名成功,2014-11-17T10:43:32
59,臺北市,信義區,惠安里,銅級,2019-11-21T20:02:00
60,臺北市,信義區,三張里,報名成功,2014-11-06T10:10:26
61,臺北市,信義區,三犁里,報名成功,2014-11-10T09:14:23
62,臺北市,信義區,六合里,報名成功,2014-11-06T14:04:58
63,臺北市,信義區,泰和里,報名成功,2015-10-30T10:57:29
64,臺北市,信義區,景聯里,報名成功,2014-11-28T15:26:47
65,臺北市,信義區,雙和里,銅級,2020-08-18T15:50:20
66,臺北市,信義區,嘉興里,銅級,2024-10-14T15:47:52
67,臺北市,信義區,黎順里,銅級,2019-11-02T21:37:03
68,臺北市,信義區,黎忠里,報名成功,2014-11-13T10:50:56
69,臺北市,信義區,黎安里,銅級,2019-07-30T11:57:19
70,臺北市,大安區,,報名成功,2014-12-16T10:16:01
71,臺北市,大安區,仁慈里,報名成功,2014-11-13T10:05:12
72,臺北市,大安區,和安里,報名成功,2014-12-05T15:41:57
73,臺北市,大安區,民炤里,銅級,2020-05-25T17:00:22
74,臺北市,大安區,仁愛里,銅級,2025-04-11T09:24:52
75,臺北市,大安區,義村里,報名成功,2014-12-03T15:23:14
76,臺北市,大安區,昌隆里,報名成功,2025-03-25T11:28:21
77,臺北市,大安區,誠安里,銅級,2020-10-07T10:01:24
78,臺北市,大安區,光武里,銅級,2025-04-11T09:24:52
79,臺北市,大安區,龍坡里,銅級,2021-11-26T12:00:07
80,臺北市,大安區,龍泉里,報名成功,2023-12-06T13:40:09
81,臺北市,大安區,古風里,銀級,2024-12-31T15:32:15
82,臺北市,大安區,古莊里,銅級,2025-04-11T09:24:51
83,臺北市,大安區,龍安里,銅級,2023-08-01T15:26:57
84,臺北市,大安區,錦安里,銅級,2018-09-25T11:14:54
85,臺北市,大安區,錦泰里,報名成功,2016-09-30T11:49:20
86,臺北市,大安區,錦華里,銅級,2022-04-11T14:35:23
87,臺北市,大安區,龍圖里,銅級,2022-04-11T14:35:23
88,臺北市,大安區,龍陣里,報名成功,2014-09-17T20:05:37
89,臺北市,大安區,龍雲里,報名成功,2017-11-04T23:11:24
90,臺北市,大安區,龍生里,銅級,2024-08-15T16:39:06
91,臺北市,大安區,住安里,銅級,2021-06-01T00:00:00
92,臺北市,大安區,群賢里,報名成功,2014-11-28T15:23:13
93,臺北市,大安區,群英里,銀級,2019-10-18T18:05:24
94,臺北市,大安區,虎嘯里,銅級,2023-08-01T15:26:57
95,臺北市,大安區,臥龍里,報名成功,2014-12-03T15:30:52
96,臺北市,大安區,龍淵里,銅級,2021-11-26T12:21:48
97,臺北市,大安區,龍門里,銅級,2023-08-01T15:26:57
98,臺北市,大安區,大學里,銀級,2020-08-10T13:22:19
99,臺北市,大安區,黎元里,報名成功,2014-12-03T15:27:23
100,臺北市,大安區,黎和里,報名成功,2014-11-13T10:03:39
101,臺北市,大安區,建安里,報名成功,2014-12-03T15:20:06
102,臺北市,大安區,建倫里,報名成功,2014-12-03T15:18:05
103,臺北市,大安區,正聲里,報名成功,2015-06-04T11:20:59
104,臺北市,大安區,敦煌里,報名成功,2025-04-16T12:14:18
105,臺北市,大安區,華聲里,報名成功,2025-03-25T11:28:16
106,臺北市,大安區,學府里,報名成功,2014-12-03T15:29:38
107,臺北市,中山區,,報名成功,2015-01-07T15:01:10
108,臺北市,中山區,正守里,報名成功,2019-08-15T11:46:51
109,臺北市,中山區,正義里,報名成功,2019-08-15T11:48:07
110,臺北市,中山區,正得里,報名成功,2025-04-16T12:25:15
111,臺北市,中山區,康樂里,報名成功,2020-03-02T16:13:51
112,臺北市,中山區,中山里,報名成功,2024-01-17T12:22:14
113,臺北市,中山區,集英里,報名成功,2020-03-02T16:17:27
114,臺北市,中山區,聚葉里,報名成功,2019-08-16T14:14:43
115,臺北市,中山區,晴光里,報名成功,2022-08-29T17:36:08
116,臺北市,中山區,圓山里,報名成功,2020-03-02T16:18:49
117,臺北市,中山區,劍潭里,銀級,2019-07-19T14:28:58
118,臺北市,中山區,大直里,銅級,2021-10-05T20:32:42
119,臺北市,中山區,新喜里,報名成功,2019-08-15T11:55:54
120,臺北市,中山區,新庄里,銅級,2019-11-22T10:07:55
121,臺北市,中山區,新生里,銅級,2018-09-25T11:24:09
122,臺北市,中山區,行仁里,報名成功,2025-04-16T12:25:29
123,臺北市,中山區,下埤里,報名成功,2019-08-15T11:56:31
124,臺北市,中山區,江寧里,報名成功,2025-05-06T17:43:16
125,臺北市,中山區,江山里,報名成功,2019-06-12T13:10:38
126,臺北市,中山區,中吉里,報名成功,2025-04-16T12:25:10
127,臺北市,中山區,中原里,報名成功,2019-08-15T11:57:01
128,臺北市,中山區,興亞里,報名成功,2021-04-23T15:14:46
129,臺北市,中山區,中央里,報名成功,2024-01-25T16:51:08
130,臺北市,中山區,朱馥里,報名成功,2019-08-15T11:50:09
131,臺北市,中山區,朱園里,銅級,2023-10-04T13:17:28
132,臺北市,中山區,埤頭里,銅級,2020-07-13T11:57:48
133,臺北市,中山區,朱崙里,銅級,2023-10-04T13:17:28
134,臺北市,中山區,力行里,報名成功,2025-04-16T12:16:34
135,臺北市,中山區,復華里,銅級,2019-11-21T19:57:31
136,臺北市,中山區,金泰里,報名成功,2019-08-15T11:46:33
137,臺北市,中山區,北安里,報名成功,2025-04-16T12:16:40
138,臺北市,中正區,,銀級,2024-12-31T16:18:38
139,臺北市,中正區,富水里,報名成功,2022-11-10T09:19:05
140,臺北市,中正區,文盛里,報名成功,2022-11-10T09:19:32
141,臺北市,中正區,林興里,銅級,2019-08-22T10:10:59
142,臺北市,中正區,河堤里,銅級,2020-10-23T18:40:51
143,臺北市,中正區,頂東里,銅級,2019-08-22T10:11:15
144,臺北市,中正區,網溪里,銅級,2018-10-18T13:35:03
145,臺北市,中正區,板溪里,銅級,2017-11-02T17:21:02
146,臺北市,中正區,螢圃里,報名成功,2018-08-13T10:27:05
147,臺北市,中正區,螢雪里,銅級,2017-11-02T17:21:13
148,臺北市,中正區,永功里,報名成功,2021-05-12T14:49:13
149,臺北市,中正區,永昌里,銅級,2020-07-13T11:58:06
150,臺北市,中正區,忠勤里,報名成功,2024-06-03T18:20:29
151,臺北市,中正區,廈安里,銅級,2019-08-22T10:11:29
152,臺北市,中正區,南福里,報名成功,2021-05-12T14:53:54
153,臺北市,中正區,龍福里,報名成功,2014-11-13T13:00:50
154,臺北市,中正區,建國里,銅級,2023-08-01T15:26:57
155,臺北市,中正區,光復里,報名成功,2023-12-06T13:43:22
156,臺北市,中正區,梅花里,報名成功,2016-09-28T12:13:40
157,臺北市,中正區,幸福里,銅級,2024-08-15T16:39:06
158,臺北市,中正區,幸市里,銅級,2019-08-30T10:26:20
159,臺北市,中正區,東門里,報名成功,2020-03-02T16:20:25
160,臺北市,中正區,文北里,銅級,2024-08-15T16:39:06
161,臺北市,中正區,文祥里,報名成功,2024-06-19T16:37:56
162,臺北市,中正區,三愛里,報名成功,2024-06-03T18:38:51
163,臺北市,大同區,,銀級,2023-09-19T11:31:41
164,臺北市,大同區,玉泉里,銅級,2018-10-01T15:00:07
165,臺北市,大同區,建明里,報名成功,2014-08-14T11:50:36
166,臺北市,大同區,建功里,報名成功,2014-08-12T09:03:44
167,臺北市,大同區,建泰里,報名成功,2014-08-11T11:42:38
168,臺北市,大同區,永樂里,報名成功,2014-07-21T19:20:41
169,臺北市,大同區,朝陽里,銅級,2022-06-01T15:47:00
170,臺北市,大同區,星明里,報名成功,2014-09-11T12:01:40
171,臺北市,大同區,光能里,銅級,2018-10-01T14:10:50
172,臺北市,大同區,大有里,報名成功,2014-08-12T16:19:27
173,臺北市,大同區,延平里,報名成功,2014-08-11T11:37:29
174,臺北市,大同區,雙連里,報名成功,2014-07-22T12:15:18
175,臺北市,大同區,南芳里,銅級,2018-10-01T14:03:49
176,臺北市,大同區,民權里,報名成功,2014-08-12T10:01:11
177,臺北市,大同區,景星里,報名成功,2014-08-12T11:10:12
178,臺北市,大同區,隆和里,報名成功,2014-08-13T08:40:56
179,臺北市,大同區,蓬萊里,報名成功,2014-08-11T12:56:36
180,臺北市,大同區,國順里,銅級,2019-11-21T20:03:52
181,臺北市,大同區,國慶里,銅級,2019-11-22T09:52:50
182,臺北市,大同區,揚雅里,報名成功,2017-07-11T14:41:32
183,臺北市,大同區,斯文里,銅級,2019-11-22T10:10:34
184,臺北市,大同區,鄰江里,銅級,2019-12-12T09:04:58
185,臺北市,大同區,至聖里,銅級,2018-10-01T14:14:55
186,臺北市,大同區,老師里,銅級,2024-10-14T15:47:52
187,臺北市,大同區,重慶里,報名成功,2014-08-15T12:02:13
188,臺北市,大同區,保安里,銅級,2018-09-28T11:00:54
189,臺北市,萬華區,,銀級,2023-11-13T15:57:43
190,臺北市,萬華區,福星里,報名成功,2016-07-18T10:13:55
191,臺北市,萬華區,萬壽里,報名成功,2016-07-19T17:19:54
192,臺北市,萬華區,西門里,報名成功,2016-07-19T19:35:31
193,臺北市,萬華區,新起里,報名成功,2016-07-26T09:20:15
194,臺北市,萬華區,菜園里,報名成功,2016-07-26T09:46:20
195,臺北市,萬華區,富民里,報名成功,2014-11-14T16:36:33
196,臺北市,萬華區,福音里,報名成功,2014-11-14T16:43:21
197,臺北市,萬華區,富福里,銅級,2019-11-22T10:12:14
198,臺北市,萬華區,頂碩里,報名成功,2025-03-06T17:27:46
199,臺北市,萬華區,雙園里,銀級,2024-11-19T18:43:24
200,臺北市,萬華區,新忠里,銅級,2019-09-04T09:51:32
201,臺北市,萬華區,新和里,銅級,2021-06-01T00:00:00
202,臺北市,萬華區,和平里,報名成功,2016-07-26T09:58:39
203,臺北市,萬華區,綠堤里,報名成功,2016-07-26T10:13:19
204,臺北市,萬華區,華江里,銅級,2018-09-28T10:55:23
205,臺北市,萬華區,新安里,銅級,2018-09-26T13:18:01
206,臺北市,萬華區,忠德里,報名成功,2014-11-19T11:30:17
207,臺北市,萬華區,孝德里,報名成功,2014-11-19T11:31:52
208,臺北市,萬華區,和德里,報名成功,2014-11-20T15:34:29
209,臺北市,萬華區,錦德里,報名成功,2016-05-27T18:05:33
210,臺北市,萬華區,全德里,報名成功,2016-07-26T10:28:44
211,臺北市,萬華區,保德里,報名成功,2014-11-14T16:41:05
212,臺北市,萬華區,銘德里,報名成功,2016-07-26T10:58:39
213,臺北市,萬華區,榮德里,報名成功,2017-07-11T14:55:11
214,臺北市,萬華區,壽德里,報名成功,2016-07-26T11:18:41
215,臺北市,萬華區,興德里,報名成功,2014-11-19T11:28:29
216,臺北市,萬華區,華中里,報名成功,2014-11-14T16:39:16
217,臺北市,萬華區,日祥里,銅級,2019-11-20T19:59:08
218,臺北市,萬華區,忠貞里,銅級,2019-12-12T09:04:06
219,臺北市,萬華區,凌霄里,銅級,2019-11-21T19:54:16
220,臺北市,萬華區,騰雲里,銀級,2018-11-30T13:29:20
221,臺北市,文山區,,銀級,2022-08-16T11:21:53
222,臺北市,文山區,景行里,報名成功,2014-08-15T14:16:22
223,臺北市,文山區,景東里,銀級,2018-08-16T16:09:09
224,臺北市,文山區,景美里,報名成功,2014-08-19T08:39:47
225,臺北市,文山區,景慶里,銅級,2019-08-05T16:32:34
226,臺北市,文山區,景仁里,報名成功,2014-08-20T08:40:10
227,臺北市,文山區,景華里,報名成功,2014-08-22T09:31:57
228,臺北市,文山區,萬有里,銅級,2021-10-05T20:32:42
229,臺北市,文山區,萬祥里,報名成功,2014-11-06T09:45:40
230,臺北市,文山區,萬隆里,報名成功,2014-08-18T11:33:00
231,臺北市,文山區,萬年里,銅級,2019-08-01T10:08:36
232,臺北市,文山區,萬和里,銀級,2018-10-16T09:20:51
233,臺北市,文山區,萬盛里,銅級,2018-11-20T15:05:05
234,臺北市,文山區,興豐里,報名成功,2014-08-29T09:39:49
235,臺北市,文山區,興光里,報名成功,2014-08-15T11:07:35
236,臺北市,文山區,興家里,報名成功,2014-08-15T08:58:01
237,臺北市,文山區,興得里,報名成功,2014-08-15T09:09:26
238,臺北市,文山區,興業里,報名成功,2014-08-18T11:24:19
239,臺北市,文山區,興安里,報名成功,2014-11-06T09:48:26
240,臺北市,文山區,興福里,報名成功,2014-11-06T10:14:42
241,臺北市,文山區,興旺里,報名成功,2014-08-15T08:59:19
242,臺北市,文山區,興泰里,報名成功,2014-08-22T09:43:57
243,臺北市,文山區,興昌里,報名成功,2014-08-15T18:21:12
244,臺北市,文山區,試院里,報名成功,2014-08-15T09:12:09
245,臺北市,文山區,華興里,報名成功,2014-08-22T09:19:24
246,臺北市,文山區,明義里,銅級,2019-09-04T09:52:24
247,臺北市,文山區,明興里,銀級,2022-06-24T17:38:36
248,臺北市,文山區,木柵里,報名成功,2014-08-15T16:45:18
249,臺北市,文山區,木新里,報名成功,2014-08-22T15:26:00
250,臺北市,文山區,順興里,銅級,2019-10-18T18:06:20
251,臺北市,文山區,樟林里,報名成功,2014-08-14T16:59:26
252,臺北市,文山區,樟新里,報名成功,2014-08-20T18:15:04
253,臺北市,文山區,樟腳里,銅級,2019-07-29T09:23:30
254,臺北市,文山區,萬芳里,報名成功,2014-10-13T12:10:03
255,臺北市,文山區,博嘉里,報名成功,2014-08-15T11:06:36
256,臺北市,文山區,萬興里,報名成功,2014-11-06T10:48:09
257,臺北市,文山區,指南里,銅級,2018-11-20T15:05:28
258,臺北市,文山區,老泉里,報名成功,2014-08-25T18:57:43
259,臺北市,文山區,忠順里,銅級,2019-08-05T16:29:24
260,臺北市,文山區,萬美里,銀級,2018-09-07T09:40:18
261,臺北市,文山區,政大里,報名成功,2014-11-06T10:26:56
262,臺北市,文山區,樟文里,銅級,2018-08-31T11:31:20
263,臺北市,文山區,興邦里,報名成功,2014-08-15T09:03:31
264,臺北市,文山區,樟樹里,報名成功,2014-08-19T09:31:22
265,臺北市,南港區,,銅級,2019-08-22T10:11:56
266,臺北市,南港區,南港里,報名成功,2018-07-13T09:52:20
267,臺北市,南港區,中南里,報名成功,2024-06-19T16:38:35
268,臺北市,南港區,三重里,報名成功,2016-09-28T12:02:54
269,臺北市,南港區,新光里,銅級,2018-10-18T13:35:12
270,臺北市,南港區,東明里,報名成功,2018-07-06T09:30:27
271,臺北市,南港區,玉成里,銅級,2017-09-13T20:31:37
272,臺北市,南港區,合成里,報名成功,2018-08-13T10:26:58
273,臺北市,南港區,成福里,報名成功,2024-06-03T18:40:56
274,臺北市,南港區,萬福里,報名成功,2016-10-04T14:14:14
275,臺北市,南港區,鴻福里,銅級,2017-09-13T20:31:47
276,臺北市,南港區,聯成里,報名成功,2024-06-19T16:23:50
277,臺北市,南港區,舊莊里,銅級,2018-09-26T13:16:10
278,臺北市,南港區,中研里,報名成功,2024-06-19T16:38:41
279,臺北市,南港區,九如里,銅級,
280,臺北市,南港區,仁福里,報名成功,2024-06-19T16:38:26
281,臺北市,南港區,重陽里,報名成功,2018-08-13T10:27:16
282,臺北市,內湖區,,報名成功,2015-01-07T15:02:23
283,臺北市,內湖區,西康里,銅級,2018-10-01T14:20:12
284,臺北市,內湖區,西安里,銅級,2017-09-13T20:31:54
285,臺北市,內湖區,港墘里,報名成功,2025-05-29T14:57:21
286,臺北市,內湖區,港華里,報名成功,2020-03-02T16:05:44
287,臺北市,內湖區,湖濱里,銅級,2021-06-01T00:00:00
288,臺北市,內湖區,紫星里,銅級,2019-10-18T18:06:36
289,臺北市,內湖區,大湖里,銅級,2020-05-25T16:59:14
290,臺北市,內湖區,金龍里,銅級,2021-06-01T00:00:00
291,臺北市,內湖區,金瑞里,報名成功,2025-05-29T14:57:11
292,臺北市,內湖區,紫雲里,銅級,2019-08-22T10:11:43
293,臺北市,內湖區,清白里,報名成功,2024-01-17T12:23:54
294,臺北市,內湖區,紫陽里,報名成功,2022-08-29T17:35:38
295,臺北市,內湖區,瑞陽里,報名成功,2014-11-13T10:09:11
296,臺北市,內湖區,東湖里,報名成功,2021-05-12T14:56:01
297,臺北市,內湖區,樂康里,銅級,2020-09-07T21:41:31
298,臺北市,內湖區,內溝里,銅級,2025-04-11T09:24:52
299,臺北市,內湖區,週美里,銅級,2024-10-14T15:47:52
300,臺北市,內湖區,石潭里,報名成功,2017-11-09T14:20:46
301,臺北市,內湖區,湖興里,銅級,2020-07-13T11:58:19
302,臺北市,內湖區,湖元里,報名成功,2025-05-29T14:57:28
303,臺北市,內湖區,安湖里,報名成功,2020-03-02T16:05:26
304,臺北市,內湖區,秀湖里,銅級,2020-05-25T16:59:38
305,臺北市,內湖區,金湖里,報名成功,2021-04-23T17:06:42
306,臺北市,內湖區,康寧里,銅級,2017-09-13T20:32:11
307,臺北市,內湖區,明湖里,銅級,2023-08-01T09:56:32
308,臺北市,內湖區,南湖里,銅級,2025-04-11T09:24:52
309,臺北市,士林區,,報名成功,2017-07-04T11:16:47
310,臺北市,士林區,仁勇里,報名成功,2019-08-15T11:57:21
311,臺北市,士林區,義信里,報名成功,2020-03-02T16:06:02
312,臺北市,士林區,福林里,報名成功,2021-04-23T15:28:05
313,臺北市,士林區,福德里,報名成功,2021-04-23T15:40:20
314,臺北市,士林區,舊佳里,報名成功,2024-06-19T16:33:22
315,臺北市,士林區,後港里,報名成功,2025-04-16T12:16:29
316,臺北市,士林區,福中里,報名成功,2019-08-15T13:19:02
317,臺北市,士林區,前港里,報名成功,2019-08-15T13:19:27
318,臺北市,士林區,明勝里,報名成功,2019-08-15T13:24:15
319,臺北市,士林區,富光里,報名成功,2017-07-10T10:28:23
320,臺北市,士林區,永倫里,報名成功,2025-05-06T17:42:06
321,臺北市,士林區,福安里,報名成功,2024-01-17T12:23:36
322,臺北市,士林區,岩山里,銅級,2020-10-23T18:42:50
323,臺北市,士林區,名山里,銀級,2019-06-28T15:55:20
324,臺北市,士林區,德行里,銀級,2021-10-12T15:14:28
325,臺北市,士林區,德華里,銅級,2022-08-02T14:30:49
326,臺北市,士林區,聖山里,報名成功,2017-11-09T16:07:57
327,臺北市,士林區,芝山里,銅級,2023-08-01T15:26:57
328,臺北市,士林區,東山里,報名成功,2025-04-16T12:17:04
329,臺北市,士林區,三玉里,報名成功,2020-03-02T16:20:51
330,臺北市,士林區,蘭雅里,銅級,2022-06-01T15:47:00
331,臺北市,士林區,蘭興里,報名成功,2023-12-06T13:42:16
332,臺北市,士林區,天壽里,報名成功,2025-05-06T17:42:17
333,臺北市,士林區,天和里,報名成功,2024-06-19T16:33:10
334,臺北市,士林區,天山里,銅級,2017-09-13T20:33:20
335,臺北市,士林區,天玉里,銅級,2021-08-12T17:54:57
336,臺北市,士林區,天母里,銅級,2022-08-02T14:30:49
337,臺北市,士林區,永福里,報名成功,2019-08-15T13:51:19
338,臺北市,士林區,公館里,報名成功,2024-07-12T15:18:25
339,臺北市,士林區,陽明里,報名成功,2019-08-15T13:26:24
340,臺北市,士林區,菁山里,報名成功,2024-11-14T16:41:32
341,臺北市,士林區,平等里,報名成功,2019-08-15T13:19:14
342,臺北市,士林區,溪山里,報名成功,2022-08-29T17:36:02
343,臺北市,士林區,翠山里,報名成功,2025-04-16T12:16:23
344,臺北市,士林區,臨溪里,報名成功,2019-08-16T09:53:47
345,臺北市,北投區,,報名成功,2017-11-04T22:26:45
346,臺北市,北投區,建民里,銅級,2024-08-15T16:39:06
347,臺北市,北投區,文林里,報名成功,2025-03-06T17:28:02
348,臺北市,北投區,石牌里,銅級,2023-08-01T15:26:56
349,臺北市,北投區,福興里,報名成功,2017-11-04T22:51:00
350,臺北市,北投區,榮光里,銅級,2024-08-15T16:39:06
351,臺北市,北投區,榮華里,報名成功,2019-08-16T09:56:12
352,臺北市,北投區,裕民里,報名成功,2025-05-06T17:42:56
353,臺北市,北投區,振華里,銅級,2022-08-02T14:30:49
354,臺北市,北投區,永和里,銅級,2019-08-21T15:43:53
355,臺北市,北投區,永明里,報名成功,2019-08-16T09:56:28
356,臺北市,北投區,吉慶里,銀級,2024-11-25T16:10:29
357,臺北市,北投區,尊賢里,報名成功,2025-04-16T12:25:20
358,臺北市,北投區,立農里,報名成功,2019-07-31T10:37:42
359,臺北市,北投區,八仙里,報名成功,2024-06-19T16:23:19
360,臺北市,北投區,洲美里,報名成功,2024-06-19T16:26:14
361,臺北市,北投區,清江里,銅級,2020-07-13T11:58:32
362,臺北市,北投區,長安里,銅級,2022-06-01T15:47:00
363,臺北市,北投區,大同里,銅級,2020-05-25T16:59:58
364,臺北市,北投區,中心里,報名成功,2024-06-19T16:23:36
365,臺北市,北投區,開明里,報名成功,2016-10-11T11:38:06
366,臺北市,北投區,秀山里,銅級,2020-09-09T22:12:25
367,臺北市,北投區,豐年里,銅級,2020-09-07T22:06:10
368,臺北市,北投區,稻香里,報名成功,2025-05-29T14:57:01
369,臺北市,北投區,桃源里,報名成功,2025-04-16T12:25:25
370,臺北市,北投區,一德里,報名成功,2019-08-27T09:06:11
371,臺北市,北投區,關渡里,報名成功,2019-08-15T13:20:08
372,臺北市,北投區,泉源里,銅級,2024-10-14T15:47:52
373,臺北市,北投區,湖山里,銅級,2018-10-18T13:35:23
374,臺北市,北投區,大屯里,報名成功,2019-08-16T09:55:59
375,臺北市,北投區,湖田里,報名成功,2019-08-27T09:06:01
