核准編號,行政區,里別,臺北市核准地點,團體名稱,電話,經度,緯度
1,大同區,永樂,民樂街31號對面,台北市自閉症家長協會,(02)25953937,121.51097,25.0545
2,大安區,德安,四維路52巷10號旁,台北市自閉症家長協會,(02)25953937,121.54708,25.03507
3,松山區,松基,興安街與民生東路3段130巷口（公佈欄旁）,台北市自閉症家長協會,(02)25953937,121.54653,25.0561
4,中正區,瑩雪,泉州街127號,台北市自閉症家長協會,(02)25953937,121.52197,25.0965
5,大安區,龍坡,和平東路1段溫州街口,台北市自閉症家長協會,(02)25953937,121.53342,25.02609
6,信義區,永吉,中坡北路與松隆路旁（公園）人行道,台北市自閉症家長協會,(02)25953937,121.5796,25.04813
7,中正區,南福,寧波西街60號前,台北市自閉症家長協會,(02)25953937,121.5173,25.03051
8,大安區,群英,復興南路2段151巷30弄與171巷交叉口,台北市自閉症家長協會,(02)25953937,121.54535,25.02803
9,大安區,群英,復興南路2段193巷16弄口,台北市自閉症家長協會,(02)25953937,121.54446,25.02648
10,中山區,龍洲,興安街103號前人行道,台北市自閉症家長協會,(02)25953937,121.5437,25.05609
11,中山區,松基,長春路339巷口,台北市自閉症家長協會,(02)25953937,121.54483,25.05459
12,中山區,龍洲,民生東路3段與遼寧街口變電箱旁,台北市自閉症家長協會,(02)25953937,121.54223,25.05764
13,中正區,龍光,和平西路2段55號旁（建國中學圍牆邊）,台北市自閉症家長協會,(02)25953937,121.5121,25.02917
14,北投區,中心,中和街47號對面,台北市自閉症家長協會,(02)25953937,121.50247,25.13841
15,大安區,敦煌,仁愛路4段300巷35弄2號對面,台北市自閉症家長協會,(02)25953937,121.55465,25.03539
16,大安區,德安,大安路1段193-2號旁與四維路44巷口,台北市自閉症家長協會,(02)25953937,121.54612,25.03558
17,信義區,松友,信義路6段76巷2弄47號對面,台北市自閉症家長協會,(02)25953937,121.55465,25.03539
18,松山區,新東,撫遠街與新東街30巷口,台北市自閉症家長協會,(02)25953937,121.54612,25.03558
19,中正區,瑩雪,和平西路1段150號,台北市自閉症家長協會,(02)25953937,121.51545,25.02728
20,文山區,景慶,景福街223巷口(學校圍牆邊),台北市自閉症家長協會,(02)25953937,121.53834,24.99426
21,松山區,中正,慶城街16號與南京東路3段303巷7弄對面(公園),台北市自閉症家長協會,(02)25953937,121.54582,25.05294
22,信義區,廣居,忠孝東路5段372巷28弄3號對面(圍牆邊),台北市自閉症家長協會,(02)25953937,121.57395,25.03898
23,信義區,黎忠,和平東路3段341巷7號對面公園人行道,台北市自閉症家長協會,(02)25953937,121.55697,25.02098
24,內湖區,紫陽,陽光街68巷口(陽光公園旁),台北市自閉症家長協會,(02)25953937,121.58357,25.07587
25,大安區,群英,和平東路3段1巷成功市場對面,台北市自閉症家長協會,(02)25953937,121.54673,25.02625
26,信義區,四育,松山路與虎林街55巷（銀行邊）人行道,台北市自閉症家長協會,(02)25953937,121.57744,25.04735
27,中山區,圓山,新生北路3段82之5號前,台北市自閉症家長協會,(02)25953937,121.52741,25.06733
28,大安區,龍淵,和平東路2段118巷(公園),台北市自閉症家長協會,(02)25953937,121.54283,25.02332
29,中山區,復華,遼寧街128巷與龍江路交叉口,台北市自閉症家長協會,(02)25953937,121.54069,25.05341
30,大安區,龍坡,泰順街57巷口斜對面圍牆旁,台北市自閉症家長協會,(02)25953937,121.53138,25.02246
31,大安區,龍坡,泰順街與溫州街12巷口,台北市自閉症家長協會,(02)25953937,121.53155,25.02577
32,大安區,新龍,瑞安街208巷70弄口,台北市自閉症家長協會,(02)25953937,121.54052,25.03031
33,文山區,景行,景後街149巷與景興路交叉口,台北市自閉症家長協會,(02)25953937,121.54272,24.99004
34,文山區,景行,景文街41號對面,台北市自閉症家長協會,(02)25953937,121.54129,24.99223
41,士林區,天母,中山北路7段181巷22弄2號正對面,臺北市視障樂活福利促進會,(02)25993105,121.53087,25.125404
42,士林區,天母,中山北路7段227巷8號斜對面,臺北市視障樂活福利促進會,(02)25993105,121.532614,25.127645
43,士林區,岩山,忠義街71巷口電信箱旁,臺北市視障樂活福利促進會,(02)25993105,121.531518,25.105879
44,士林區,蘭興,中山北路6段277巷18弄2號右邊電桿旁,臺北市視障樂活福利促進會,(02)25993105,121.524296,25.109886
45,大安區,法治,通化街178號電箱旁,臺北市視障樂活福利促進會,(02)25993105,121.553362,25.027363
46,大安區,芳和,辛亥路3段157巷14號對面大樹旁,臺北市視障樂活福利促進會,(02)25993105,121.549439,25.01761
47,大安區,龍圖,信義路3段166巷3號對面變電箱旁,臺北市視障樂活福利促進會,(02)25993105,121.541939,25.032775
48,大安區,龍圖,建國南路2段25巷口,臺北市視障樂活福利促進會,(02)25993105,121.538118,25.032465
49,大安區,龍圖,復興南路2段78巷42弄5號對面電箱旁,臺北市視障樂活福利促進會,(02)25993105,121.541829,25.030624
50,大安區,龍圖,瑞安街100號斜對面,臺北市視障樂活福利促進會,(02)25993105,121.543,25.029853
51,大安區,龍圖,瑞安街208巷3號前,臺北市視障樂活福利促進會,(02)25993105,121.540538,25.028344
52,中山區,大直,大直街21巷9號旁,臺北市視障樂活福利促進會,(02)25993105,121.547011,25.08174
53,中山區,大直,大直街84巷口,臺北市視障樂活福利促進會,(02)25993105,121.547572,25.085031
54,中山區,北安,北安路805巷2號前,臺北市視障樂活福利促進會,(02)25993105,121.554205,25.085446
55,內湖區,康寧,康寧路3段189巷163弄19號對面公園欄竿旁,臺北市視障樂活福利促進會,(02)25993105,121.611632,25.075535
56,內湖區,湖濱,內湖路2段179巷3弄旁公園電箱旁,臺北市視障樂活福利促進會,(02)25993105,121.587504,25.081647
57,信義區,景勤,吳興街156巷22弄25號左邊公園變電箱旁人行道,臺北市視障樂活福利促進會,(02)25993105,121.559863,25.028709
58,信義區,景勤,吳興街156巷2弄12號對面人行道,臺北市視障樂活福利促進會,(02)25993105,121.561221,25.029252
59,南港區,新富,力行橋頭南側空地對面(研究院路1段101巷8號對面),臺北市視障樂活福利促進會,(02)25993105,121.616794,25.051672
60,文山區,木新,保儀路109巷跟木新路2段218巷靠近學校圍牆的交叉路口,臺北市視障樂活福利促進會,(02)25993105,121.569045,24.984719
61,文山區,景東,景華街104巷6號右邊變電箱旁,臺北市視障樂活福利促進會,(02)25993105,121.546287,24.994741
62,文山區,景東,景華街82巷11號對面變電箱旁,臺北市視障樂活福利促進會,(02)25993105,121.54532,24.994219
63,文山區,景東,景興路153巷12-3號旁,臺北市視障樂活福利促進會,(02)25993105,121.545217,24.993551
64,文山區,景美,育英街31巷36弄21號左邊公佈欄旁,臺北市視障樂活福利促進會,(02)25993105,121.537069,24.989985
65,文山區,景美,萬慶街13巷29號對面公布欄旁,臺北市視障樂活福利促進會,(02)25993105,121.53957,24.99149
66,文山區,景華,景中街27號旁,臺北市視障樂活福利促進會,(02)25993105,121.543743,24.994472
67,文山區,景華,景美街5巷23號斜對面,臺北市視障樂活福利促進會,(02)25993105,121.54239,24.992941
68,文山區,萬年,汀州路4段105巷16弄3號對面,臺北市視障樂活福利促進會,(02)25993105,121.537327,25.006209
69,文山區,萬年,羅斯福路5段與公館街口電桿旁,臺北市視障樂活福利促進會,(02)25993105,121.538569,25.004896
70,文山區,萬有,景明街11巷6弄14號對面公園旁,臺北市視障樂活福利促進會,(02)25993105,121.541523,25.000845
71,文山區,萬有,羅斯福路6段39巷1號右邊電桿旁,臺北市視障樂活福利促進會,(02)25993105,121.540688,24.998907
72,文山區,萬盛,萬盛街62號對面,臺北市視障樂活福利促進會,(02)25993105,121.540157,25.006644
73,文山區,萬祥,興隆路1段70巷9弄口電桿旁,臺北市視障樂活福利促進會,(02)25993105,121.540631,25.002731
74,文山區,萬興,秀明路2段112巷15號對面,臺北市視障樂活福利促進會,(02)25993105,121.575626,24.990136
75,文山區,樟腳,木新路2段255號(7-11木新門市)前面,臺北市視障樂活福利促進會,(02)25993105,121.566572,24.98317
76,文山區,興安,仙岩路45-1號旁邊,臺北市視障樂活福利促進會,(02)25993105,121.548772,24.99954
77,文山區,興豐,興隆路1段137巷口燈桿旁,臺北市視障樂活福利促進會,(02)25993105,121.542221,25.002105
78,文山區,興豐,興隆路1段251巷3弄13號對面,臺北市視障樂活福利促進會,(02)25993105,121.544723,25.000308
79,文山區,興豐,興順街78號對面右邊電信箱旁,臺北市視障樂活福利促進會,(02)25993105,121.54495,25.001246
80,文山區,萬芳,萬美街1段23號對面公園空地,臺北市視障樂活福利促進會,(02)25993105,121.56925,25.002426
81,中正區,文北,杭州南路1段75號前公車站,社團法人台北生命勵樂活輔健會,(02)27299347,121.5635681,25.03751556
82,中正區,文北,濟南路2段8巷口,社團法人台北生命勵樂活輔健會,(02)27299347,121.525632,25.039852
83,文山區,木新,木新路2段79巷12弄26號斜對面公園,社團法人台北生命勵樂活輔健會,(02)27299347,121.526961,25.041287
84,松山區,吉祥,吉祥路55號對面,社團法人台北生命勵樂活輔健會,(02)27299347,121.570512,24.983669
85,大安區,和安,建國南路1段291巷30號旁,社團法人台北生命勵樂活輔健會,(02)27299347,121.5626239,25.05047268
87,士林區,三玉,忠誠路2段41巷14號斜對面,社團法人台北生命勵樂活輔健會,(02)27299347,121.535389,25.013557
88,士林區,葫蘆,中正路655巷口電信箱旁,社團法人台北生命勵樂活輔健會,(02)27299347,121.5310855,25.10998246
89,內湖區,紫星,康寧路1段26巷口,社團法人台北生命勵樂活輔健會,(02)27299347,121.5077993,25.08620557
90,士林區,福順,重慶北路4段49巷31弄底(福順公園旁),社團法人台北生命勵樂活輔健會,(02)27299347,121.591201,25.080672
91,信義區,六藝,永吉路180巷67弄5號旁(超商前)人行道,社團法人台北生命勵樂活輔健會,(02)27299347,121.512738,25.080526
92,士林區,明勝,承德路4段6巷2號,社團法人台北生命勵樂活輔健會,(02)27299347,121.5719242,25.04374483
93,信義區,泰和,吳興街600巷80號對面公園,社團法人台北生命勵樂活輔健會,(02)27299347,121.52122,25.7921
94,中正區,文北,金山南路1段47號旁電箱前,社團法人台北生命勵樂活輔健會,(02)27299347,121.5708287,25.01891612
95,信義區,泰和,吳興街600巷25弄口,社團法人台北生命勵樂活輔健會,(02)27299347,121.5289498,25.03943928
96,信義區,惠安,吳興街365巷口,社團法人台北生命勵樂活輔健會,(02)27299347,121.569556,25.021154
97,信義區,泰和,吳興街487巷(22路公車總站)人行道,社團法人台北生命勵樂活輔健會,(02)27299347,121.5673125,25.02594485
98,信義區,六合,信義路5段150巷401弄36號前,社團法人台北生命勵樂活輔健會,(02)27299347,121.5694132,25.02374991
99,信義區,景新,莊敬路197巷口公園人行道,社團法人台北生命勵樂活輔健會,(02)27299347,121.5702662,25.02466712
100,信義區,新仁,忠孝東路4段553巷52弄口對面人行道,社團法人台北生命勵樂活輔健會,(02)27299347,121.5618508,25.03095881
101,信義區,新仁,忠孝東路4段559巷14號對面,社團法人台北生命勵樂活輔健會,(02)27299347,121.562745,25.042858
102,信義區,松光,忠孝東路5段524巷1弄30號對角人行道,社團法人台北生命勵樂活輔健會,(02)27299347,121.5637656,25.04230739
103,信義區,嘉興,信安街13號對面,社團法人台北生命勵樂活輔健會,(02)27299347,121.5806607,25.04183349
104,信義區,嘉興,嘉興街175巷口,社團法人台北生命勵樂活輔健會,(02)27299347,121.5593007,25.03724161
105,信義區,中行,福德街268巷7弄口電線桿旁,社團法人台北生命勵樂活輔健會,(02)27299347,121.5567108,25.02798217
106,信義區,中坡,福德街189號前公園人行道,社團法人台北生命勵樂活輔健會,(02)27299347,121.5848471,25.03972818
107,信義區,雅祥,松信路60號旁與松隆路口人行道,社團法人台北生命勵樂活輔健會,(02)27299347,121.5841459,25.03832201
108,信義區,六合,祥雲街與景雲街口,社團法人台北生命勵樂活輔健會,(02)27299347,121.5719791,25.04662388
109,信義區,六合,松仁路281巷88號對面,社團法人台北生命勵樂活輔健會,(02)27299347,121.573586,25.019473
110,士林區,前港,華齡街166號對面公園內,社團法人台北生命勵樂活輔健會,(02)27299347,121.5699829,25.02387423
111,松山區,復盛,市民大道5段與八德路4段204巷口,社團法人台北生命勵樂活輔健會,(02)27299347,121.51958,25.086752
112,松山區,復盛,八德路4段72巷口,社團法人台北生命勵樂活輔健會,(02)27299347,121.5641176,25.04861428
113,松山區,復勢,光復北路26巷3號對面,社團法人台北生命勵樂活輔健會,(02)27299347,121.560202,25.04743
114,中正區,文北,金山南路與泰安街3巷口,社團法人台北生命勵樂活輔健會,(02)27299347,121.557355,25.04935734
115,士林區,福德,士商路15號對面,社團法人台北生命勵樂活輔健會,(02)27299347,121.5280919,25.04026937
116,士林區,福佳,士商路151號對面,社團法人台北生命勵樂活輔健會,(02)27299347,121.520588,25.09022
117,信義區,松光,忠孝東路5段492巷斜對面松光綠地,社團法人台北生命勵樂活輔健會,(02)27299347,121.517225,25.094101
118,信義區,松光,松山路465巷33號邊,社團法人台北生命勵樂活輔健會,(02)27299347,121.57837,25.03973
119,大安區,義安,敦化南路2段63巷21弄24號斜對面,社團法人台北生命勵樂活輔健會,(02)27299347,121.579848,25.040378
120,大安區,義安,安和路2段44巷9號斜對面,社團法人台北生命勵樂活輔健會,(02)27299347,121.550157,25.031716
121,士林區,蘭雅,士東路120巷20弄15號斜對面,台北市康復之友協會,(02)27652810,121.5518,25.031353
122,士林區,忠誠,忠誠路1段40號,台北市康復之友協會,(02)27652810,121.5265405,25.10475042
123,士林區,福順,葫東街26號旁,台北市康復之友協會,(02)27652810,121.5110272,25.08364317
124,士林區,福順,重慶北路4段49巷18-1號旁,台北市康復之友協會,(02)27652810,121.5122505,25.08114099
125,南港區,鴻福,玉成街190巷口的玉成公園,台北市康復之友協會,(02)27652810,121.5850052,25.04370882
126,南港區,聯成,忠孝東路6段250巷16號對面的聯成公園旁,台北市康復之友協會,(02)27652810,121.5884213,25.04838253
127,南港區,百福,福德街309巷口(251巷7弄40號對面),台北市康復之友協會,(02)27652810,121.5880759,25.03833786
128,南港區,百福,成福路178巷口的玉成公園,台北市康復之友協會,(02)27652810,121.5874002,25.04189586
129,南港區,聯成,東新街77巷4弄2號對面人行道,台北市康復之友協會,(02)27652810,121.5883151,25.04730885
130,中正區,頂東,羅斯福路3段84巷口,台北市康復之友協會,(02)27652810,121.5264371,25.02193767
131,中正區,永昌,中華路2段與南海路口,台北市康復之友協會,(02)27652810,121.5074181,25.02702997
132,中正區,龍福,重慶南路2段43號天橋樓梯下方,台北市康復之友協會,(02)27652810,121.5149578,25.03187591
133,中正區,永昌,寧波西街181巷與紹安街口的永昌公園,台北市康復之友協會,(02)27652810,121.5095034,25.02627049
134,中正區,三愛,新生南路1段146巷口的連雲公園,台北市康復之友協會,(02)27652810,121.5315258,25.03505251
135,中正區,三愛,臨沂街75巷8號對面的信愛公園,台北市康復之友協會,(02)27652810,121.5288158,25.03486956
136,萬華區,糖篰,大理街156巷口,台北市康復之友協會,(02)27652810,121.4950186,25.03403174
137,萬華區,和平,艋舺大道西園路2段140巷口,台北市康復之友協會,(02)27652810,121.4947987,25.03154358
138,萬華區,和德,西園路2段320巷55弄與寶興街口,台北市康復之友協會,(02)27652810,121.4917957,25.02848881
139,松山區,莊敬,撫遠街400巷96號對面,台北市康復之友協會,(02)27652810,121.5654395,25.06609547
140,萬華區,柳鄉,和平西路3段309巷9號對面,台北市康復之友協會,(02)27652810,121.4933535,25.03601065
142,大同區,南芳,涼州街與延平北路2段路口(平樂天橋下),台北市康復之友協會,(02)27652810,121.5113996,25.06104461
143,大同區,光能,承德路2段109巷36號旁,台北市康復之友協會,(02)27652810,121.519373,25.05667935
144,大同區,光能,赤峰街與南京西路口,台北市康復之友協會,(02)27652810,121.5190279,25.05310196
145,信義區,大道,林口街210號對面春光公園人行道,台北市康復之友協會,(02)27652810,121.5808427,25.04150928
146,松山區,安平,寶清街77號對面寶清公園旁的人行道,台北市康復之友協會,(02)27652810,121.5681948,25.0523086
148,松山區,莊敬,撫遠街380巷16號對面公佈欄旁,台北市康復之友協會,(02)27652810,121.5647029,25.06437078
149,松山區,莊敬,撫遠街389巷27號對面的撫遠公園,台北市康復之友協會,(02)27652810,121.5668943,25.06508967
150,松山區,新聚,八德路4段389巷口,台北市康復之友協會,(02)27652810,121.5686541,25.04938903
151,大安區,義安,敦化南路2段63巷33號變電箱旁,台北市康復之友協會,(02)27652810,121.5507023,25.0309315
152,大安區,群賢,和平東路3段1巷25號對面的群賢公園,台北市康復之友協會,(02)27652810,121.5470118,25.02587673
153,大安區,群英,復興南路2段151巷30弄口,台北市康復之友協會,(02)27652810,121.5452872,25.02820492
154,內湖區,紫星,成功路4段61巷9弄口,台北市康復之友協會,(02)27652810,121.5922532,25.08114854
155,內湖區,瑞陽,文德路66巷36弄1號旁,台北市康復之友協會,(02)27652810,121.5821391,25.07615058
156,文山區,博嘉,木柵路4段6號對面變電箱旁,台北市康復之友協會,(02)27652810,121.5720315,24.99552551
157,文山區,試院,木柵路1段89巷底試院公園旁,台北市康復之友協會,(02)27652810,121.5471139,24.98803888
158,文山區,景慶,景福街251巷2號對面,台北市康復之友協會,(02)27652810,121.539701,24.99385371
159,文山區,興邦,興隆路2段203巷14號對面,台北市康復之友協會,(02)27652810,121.5487312,25.00184994
160,文山區,興安,仙岩路22巷2號對面,台北市康復之友協會,(02)27652810,121.5487716,24.99888371
161,士林區,天祿,士東路47號旁(忠義幼稚園),台北市盲人福利協進會,(02)25585000,121.52772,25.11201
162,萬華區,和德,西園路2段320巷36弄14-1號前,台北市盲人福利協進會,(02)25585000,121.49113,25.02711
163,大安區,芳和,和平東路3段與嘉興街口,台北市盲人福利協進會,(02)25585000,121.55392,25.022298
164,松山區,中崙,八德路2段346巷5弄25號正面對公園花圃內,台北市盲人福利協進會,(02)25585000,121.545561,25.04704
165,中正區,南門,博愛路216號旁(廣州街2號街前),台北市盲人福利協進會,(02)25585000,121.51051,25.03448
166,內湖區,麗山,內湖路1段629巷40弄2號對面,台北市盲人福利協進會,(02)25585000,121.575002,25.081707
167,內湖區,港華,港華街31號對面,台北市盲人福利協進會,(02)25585000,121.576417,25.082594
168,內湖區,港富,內湖路2段81號對面空地,台北市盲人福利協進會,(02)25585000,121.5826942,25.0799504
169,內湖區,西康,內湖路1段47巷口臨文湖街11巷,台北市盲人福利協進會,(02)25585000,121.559395,25.085915
170,內湖區,西康,文湖街21巷口停車場對面,台北市盲人福利協進會,(02)25585000,121.560625,25.086416
171,內湖區,紫陽,文德路210巷30弄1號附近,台北市盲人福利協進會,(02)25585000,121.583747,25.077169
172,文山區,萬和,汀州路4段146號對面公園邊,台北市盲人福利協進會,(02)25585000,121.535846,25.004913
173,萬華區,華江,環河南路2段250巷25弄22號旁,台北市盲人福利協進會,(02)25585000,121.48985,25.03368
174,文山區,萬隆,羅斯福路5段218巷口內電線桿後,台北市盲人福利協進會,(02)25585000,121.536754,25.002135
175,文山區,萬年,羅斯福路5段176巷40號,台北市盲人福利協進會,(02)25585000,121.5366105,25.0043167
176,松山區,東榮,民生東路5段27巷6號對面,台北市盲人福利協進會,(02)25585000,121.556685,25.059536
177,松山區,介壽,光復北路165巷口(公園側),台北市盲人福利協進會,(02)25585000,121.557129,25.057292
178,信義區,三張,莊敬路423巷底空地人行道,台北市盲人福利協進會,(02)25585000,121.567065,25.028619
179,南港區,三重,三重路32巷口,台北市盲人福利協進會,(02)25585000,121.614029,25.056162
180,南港區,新光,昆陽街140巷42弄18號對面,台北市盲人福利協進會,(02)25585000,121.592922,25.048998
181,南港區,成福,東新街108巷10號對面,台北市盲人福利協進會,(02)25585000,121.587902,25.045818
182,萬華區,日祥,青年路152巷57號旁,台北市盲人福利協進會,(02)25585000,121.501005,25.019831
183,萬華區,柳鄉,環河南路2段100巷柳鄉公園,台北市盲人福利協進會,(02)25585000,121.495297,25.037298
184,萬華區,日善,民和街18號對面,台北市盲人福利協進會,(02)25585000,121.49983,25.0262
185,萬華區,忠貞,青年路68巷口,台北市盲人福利協進會,(02)25585000,121.50263,25.02354
186,大安區,芳和,臥龍街131巷13弄1號,台北市盲人福利協進會,(02)25585000,121.55157,25.01944
187,大安區,義村,仁愛路3段123巷9弄口公告欄旁,台北市盲人福利協進會,(02)25585000,121.542032,25.039118
188,士林區,福林,中正路213巷口（鄰近永和豆漿店）側邊牆面,台北市盲人福利協進會,(02)25585000,121.5265204,25.09536454
189,大安區,義村,忠孝東路3段248巷13弄頭,台北市盲人福利協進會,(02)25585000,121.541553,25.040664
190,萬華區,華江,環河南路2段250巷15號邊,台北市盲人福利協進會,(02)25585000,121.490971,25.033575
191,萬華區,華江,環河南路2段278號對面,台北市盲人福利協進會,(02)25585000,121.491467,25.032318
192,文山區,木新,木新路2段161巷12弄10號對面電桿旁,台北市盲人福利協進會,(02)25585000,121.56874,24.98318
193,萬華區,全德,萬大路322巷55弄1號對面,台北市盲人福利協進會,(02)25585000,121.51879,25.06942
195,大同區,至聖,承德路3段191巷口,台北市盲人福利協進會,(02)25585000,121.51937,25.30744
196,大同區,重慶,承德路3段292號旁邊,台北市盲人福利協進會,(02)25585000,121.5194166,25.07406158
197,士林區,福林,中正路235巷57號對面,台北市盲人福利協進會,(02)25585000,121.5264341,25.09392918
198,士林區,福林,中山北路5段505巷口,台北市盲人福利協進會,(02)25585000,121.5276477,25.09356275
199,大同區,至聖,重慶北路3段243巷8號,台北市盲人福利協進會,(02)25585000,121.5143952,25.07121489
200,大同區,重慶,承德路3段301巷對面,台北市盲人福利協進會,(02)25585000,121.520501,25.075824
201,文山區,樟林,忠順街1段41巷口,台北市視障生活品質福利促進會,(02)25587370,24.9843621,121.5586287
202,南港區,鴻福,成福路83號對面,台北市視障生活品質福利促進會,(02)25587370,25.04356978,121.5869312
203,士林區,前港,前港街38號對面公園內,台北市視障生活品質福利促進會,(02)25587370,121.5212914,25.08524287
204,文山區,指南,指南路3段53號對面電箱旁,台北市視障生活品質福利促進會,(02)25587370,121.5048443,121.5797024
205,文山區,木柵,木柵路3段郵局對面48巷郵局對面,台北市視障生活品質福利促進會,(02)25587370,121.5126231,121.5653523
206,北投區,關渡,知行路210巷40號對面大樹旁,台北市視障生活品質福利促進會,(02)25587370,121.5194408,121.4684582
207,士林區,社新,社子街尾與延平北路6段口,台北市視障生活品質福利促進會,(02)25587370,121.5048443,25.08927233
208,士林區,老師,迪化街2段348號旁,台北市視障生活品質福利促進會,(02)25587370,121.5048443,25.07264312
209,士林區,百齡,前港街88號對面公園旁,台北市視障生活品質福利促進會,(02)25587370,121.5194408,25.08541104
210,士林區,忠誠,德行東路74巷口電信箱旁,台北市視障生活品質福利促進會,(02)25587370,121.5273669,25.10716998
211,大同區,國順,民族西路277號對面,台北市視障生活品質福利促進會,(02)25587370,25.06953411,121.510606
212,大同區,忠誠,南京西路18巷6弄口,台北市視障生活品質福利促進會,(02)25587370,25.10925894,121.5325753
213,士林區,富光,葫蘆街110號對面電箱旁,台北市視障生活品質福利促進會,(02)25587370,121.5078626,25.08262533
214,士林區,富光,葫蘆街140對面電杆旁,台北市視障生活品質福利促進會,(02)25587370,121.5084715,25.08385573
215,大同區,社新,延平北路3段61-5號旁(7-11),台北市視障生活品質福利促進會,(02)25587370,25.08762124,25.08385573
216,南港區,中研,研究院路2段78號業面公車站牌旁,台北市視障生活品質福利促進會,(02)25587370,25.04549181,121.6153948
217,士林區,社新,社子街124號對面,台北市視障生活品質福利促進會,(02)25587370,121.505337,25.08805386
218,大同區,永倫,南京西路64巷14-4號,台北市視障生活品質福利促進會,(02)25587370,25.09181415,121.5050491
219,士林區,名山,雨聲街65巷口對面活動中心前,台北市視障生活品質福利促進會,(02)25587370,121.5286509,25.10348671
220,內湖區,寶湖,民權東路6段163巷電信箱旁,台北市視障生活品質福利促進會,(02)25587370,25.06858837,121.5958013
221,士林區,蘭興,磺溪街94巷右邊電線桿旁,台北市視障生活品質福利促進會,(02)25587370,121.5234364,25.1088053
222,大同區,隆和,延平北路3段40號(萊爾富)旁,台北市視障生活品質福利促進會,(02)25587370,25.06462621,121.5109727
223,大同區,隆和,伊寧街39號對面電箱旁,台北市視障生活品質福利促進會,(02)25587370,25.06462221,121.5121578
224,大同區,朝陽,南京西路167巷24號旁,台北市視障生活品質福利促進會,(02)25587370,25.05597142,121.5125069
225,大同區,建泰,承街路1段41巷口,台北市視障生活品質福利促進會,(02)25587370,25.05128836,121.5172826
226,大同區,朝陽,南京西路344巷8-9號旁,台北市視障生活品質福利促進會,(02)25587370,25.05322413,121.5121442
227,中正區,板溪,同安街18號對面,台北市視障生活品質福利促進會,(02)25587370,25.02523056,121.522386
228,大安區,龍泉,師大路71號前,台北市視障生活品質福利促進會,(02)25587370,25.0237102,121.528592
229,大安區,龍泉,泰順街40巷8號斜對面反光鏡右方,台北市視障生活品質福利促進會,(02)25587370,25.02415593,121.5310718
230,士林區,德行,福華街164巷16號旁,台北市視障生活品質福利促進會,(02)25587370,121.5226085,25.10434366
231,士林區,德行,福國路15巷口,台北市視障生活品質福利促進會,(02)25587370,121.5247546,25.10191679
232,士林區,德行,福國路56巷12-2號旁,台北市視障生活品質福利促進會,(02)25587370,121.5234349,25.10311651
233,中山區,中山,長春路71巷口右側,台北市視障生活品質福利促進會,(02)25587370,25.05504304,121.526685
234,中山區,中山,中山北路2段65巷13號旁,台北市視障生活品質福利促進會,(02)25587370,25.05722593,121.5240284
235,中山區,中山,新生北路2段68巷口,台北市視障生活品質福利促進會,(02)25587370,25.05663667,121.5264063
236,中山區,中吉,松江路170巷9號與長春路137巷12號對面公園（電氣設備旁）,台北市心理復健家屬聯合協會,(02)23660399,121.531932,25.056062
237,中山區,興亞,吉林路22巷23號轉角處,台北市心理復健家屬聯合協會,(02)23660399,121.528852,25.051038
238,松山區,三民,民生東路5段163之1號銀行前方(行道樹旁),台北市心理復健家屬聯合協會,(02)23660399,121.563139,25.059374
239,中山區,興亞,松江路38巷(長安東路2段36巷15號右側巷口),台北市心理復健家屬聯合協會,(02)23660399,121.531432,25.047575
240,中山區,興亞,吉林路與松江路90號交叉口人行道(靠近行道樹旁),台北市心理復健家屬聯合協會,(02)23660399,121.530182,25.050491
241,大同區,鄰江,民族西路303巷55號對面,台北市心理復健家屬聯合協會,(02)23660399,121.510522,25.07017
242,中山區,永安,北安路588巷34號對面,台北市心理復健家屬聯合協會,(02)23660399,121.550851,25.081115
243,中山區,晴光,新生北路3段56巷1號（里公布欄旁）,台北市心理復健家屬聯合協會,(02)23660399,121.527476,25.065407
244,松山區,東榮,富錦街與光復北路口（行道樹旁）,台北市心理復健家屬聯合協會,(02)23660399,121.554904,25.060464
245,中山區,成功,北安路630巷口(麥當勞後第二根電線桿旁),台北市心理復健家屬聯合協會,(02)23660399,121.549298,25.082802
246,松山區,富錦,民生東路5段177巷口(行道樹旁),台北市心理復健家屬聯合協會,(02)23660399,121.565206,25.059137
247,大安區,龍坡,泰順街與溫州街18巷15-1號對面（公布欄旁）,台北市心理復健家屬聯合協會,(02)23660399,121.531608,25.024821
248,中山區,中吉,吉林路123巷口,台北市心理復健家屬聯合協會,(02)23660399,121.530248,25.057259
249,大安區,龍泉,和平東路1段與龍泉街口（燈桿旁）,台北市心理復健家屬聯合協會,(02)23660399,121.529225,25.026449
250,中山區,中吉,松江路124巷與吉林路47號巷口,台北市心理復健家屬聯合協會,(02)23660399,121.530271,25.052588
251,松山區,安平,寶清街123號旁(電氣設備旁),台北市心理復健家屬聯合協會,(02)23660399,121.567484,25.054225
252,松山區,新益,新東街38號旁公園（行道樹與電氣設備中間）,台北市心理復健家屬聯合協會,(02)23660399,121.565612,25.060654
253,中山區,力行,龍江路61號對面（號誌控制器旁）,台北市心理復健家屬聯合協會,(02)23660399,121.540339,25.050191
254,中山區,江寧,民權東路3段60巷11號對面(圍牆邊),台北市心理復健家屬聯合協會,(02)23660399,121.542311,25.060729
255,中山區,中央,長春路163巷口（圍牆邊）,台北市心理復健家屬聯合協會,(02)23660399,121.533693,25.054845
256,松山區,龍田,延壽街330巷13號對面,台北市心理復健家屬聯合協會,(02)23660399,121.560354,25.054867
257,松山區,新聚,東興路15巷口(便利商店旁),台北市心理復健家屬聯合協會,(02)23660399,121.565681,25.049381
258,中山區,力行,遼寧街62巷口,台北市心理復健家屬聯合協會,(02)23660399,121.542049,25.050681
259,松山區,富錦,新東街51巷與三民路交叉口(行道樹旁),台北市心理復健家屬聯合協會,(02)23660399,121.563275,25.061618
260,中山區,新生,中原街110號對面,台北市心理復健家屬聯合協會,(02)23660399,121.528981,25.060763
261,中山區,成功,明水路606巷口（行道樹旁）,台北市心理復健家屬聯合協會,(02)23660399,121.551462,25.082108
262,松山區,龍田,光復北路155巷口,台北市心理復健家屬聯合協會,(02)23660399,121.555943,25.055424
263,中山區,中原,吉林路108巷6號對面(圍牆邊),台北市心理復健家屬聯合協會,(02)23660399,121.529434,25.053413
264,中山區,中原,吉林路132號對面（電器設備旁）,台北市心理復健家屬聯合協會,(02)23660399,121.530105,25.055331
265,信義區,中坡,福德街137巷8弄(龍門社區圍牆邊),台北市心理復健家屬聯合協會,(02)23660399,121.582763,25.037023
266,北投區,中庸,大業路695號,台北市心理復健家屬聯合協會,(02)23660399,121.5001431,25.13712478
267,北投區,溫泉,溫泉路73巷5號斜對面燈桿旁,台北市心理復健家屬聯合協會,(02)23660399,121.5064164,25.13577993
268,中山區,中吉,長春路與一江街交叉口(電信設備旁),台北市心理復健家屬聯合協會,(02)23660399,121.5314788,25.05474108
269,中山區,成功,明水路與樂群二路交叉口(公車站牌旁),台北市心理復健家屬聯合協會,(02)23660399,121.552514,25.080103
270,松山區,新益,撫遠街261巷底與塔悠路交叉口,台北市心理復健家屬聯合協會,(02)23660399,121.568259,25.062132
271,士林區,忠誠,德行東路132巷7弄3號底與忠誠路1段交叉口,台北市私立彩虹村家園,(02)28914110,121.52967,25.10701
272,松山區,美仁,寧安街12號對面停車場旁,台北市私立彩虹村家園,(02)28914110,121.55476,25.05027
273,松山區,復源,八德路3段158巷49號轉角,台北市私立彩虹村家園,(02)28914110,121.55538,25.04592
274,士林區,聖山,德行東路240巷7號對面電線桿中間,台北市私立彩虹村家園,(02)28914110,121.53383,25.10907
275,士林區,聖山,忠誠路1段173巷口,台北市私立彩虹村家園,(02)28914110,121.5313,25.1081
276,萬華區,壽德,萬大路423巷43號旁,台北市私立彩虹村家園,(02)28914110,121.50041,25.02138
277,士林區,芝山,德行東路256號對面公告欄旁,台北市私立彩虹村家園,(02)28914110,121.53452,25.10965
278,士林區,天玉,天母西路3之65號前,台北市私立彩虹村家園,(02)28914110,121.52982,25.11901
279,北投區,開明,復興四路與開明街口,台北市私立彩虹村家園,(02)28914110,121.50027,25.1422
280,北投區,開明,長壽路與珠海路口,台北市私立彩虹村家園,(02)28914110,121.50591,25.14204
281,萬華區,忠德,德昌街154巷口,台北市私立彩虹村家園,(02)28914110,121.49608,25.02401
282,萬華區,忠德,東園街66巷與寶興街口,台北市私立彩虹村家園,(02)28914110,121.49503,25.02489
283,萬華區,忠德,東園街22號旁,台北市私立彩虹村家園,(02)28914110,121.49575,25.02732
284,士林區,三玉,忠誠路2段21巷45弄7號對面,台北市私立彩虹村家園,(02)28914110,121.53286,25.11042
285,士林區,葫蘆,延平北路5段285巷53號對面,台北市私立彩虹村家園,(02)28914110,121.50743,25.08502
286,士林區,三玉,忠誠路2段24號旁人行道上,台北市私立彩虹村家園,(02)28914110,121.53032,25.10931
287,中正區,水源,羅斯福路4段52巷16弄口,台北市私立彩虹村家園,(02)28914110,121.53363,25.01454
288,中正區,水源,汀州路3段164號對面,台北市私立彩虹村家園,(02)28914110,121.53463,25.01345
289,信義區,安康,松德路200巷松德公園與停車場旁,台北市私立彩虹村家園,(02)28914110,121.57339,25.03467
290,信義區,安康,信義路6段15巷與松德路133巷口(安強公園內凸透鏡旁),台北市私立彩虹村家園,(02)28914110,121.57524,25.03694
291,士林區,天玉,天玉街16巷1號旁,台北市私立彩虹村家園,(02)28914110,121.52822,25.12079
292,大同區,蓬萊,民權西路133巷口,台北市私立彩虹村家園,(02)28914110,121.51709,25.06312
293,松山區,富泰,民生東路5段184之2號前,台北市私立彩虹村家園,(02)28914110,121.56373,25.0586
294,松山區,介壽,延壽街376號對面,台北市私立彩虹村家園,(02)28914110,121.55806,25.05648
295,松山區,介壽,新中街4巷21號旁,台北市私立彩虹村家園,(02)28914110,121.56164,25.05783
296,文山區,萬盛,羅斯福路5段53巷5號,台北市私立彩虹村家園,(02)28914110,121.53944,25.00663
297,文山區,興邦,興隆路2段123巷14號對面公園,台北市私立彩虹村家園,(02)28914110,121.54727,25.0006
298,文山區,興旺,福興路82巷90號斜對面,台北市私立彩虹村家園,(02)28914110,121.54965,25.00544
299,士林區,芝山,士東路266巷6弄1-1號旁,台北市私立彩虹村家園,(02)28914110,121.53649,25.11235
300,士林區,蘭雅,德行東路109巷63弄10號旁,台北市私立彩虹村家園,(02)28914110,121.52777,25.10962
301,北投區,東華,致遠三路47號,台北市私立彩虹村家園,(02)28914110,121.511768,25.120574
302,文山區,順興,木新路2段156號前,台北市私立彩虹村家園,(02)28914110,121.5688695,24.9841914
303,內湖區,金瑞,金龍路211號對面,台北市私立彩虹村家園,(02)28914110,121.5873629,25.0879999
304,文山區,樟林,光輝?40號,台北市私立彩虹村家園,(02)28914110,121.5548648,24.98575838
305,萬華區,華中,萬大路424巷3弄1號旁,台北市私立彩虹村家園,(02)28914110,121.4977708,25.02120067
306,士林區,仁勇,小北街23號對面,臺北市唐氏症家長協會,(02)22782321,121.5260381,25.090773
307,士林區,仁勇,大西路86號對面,臺北市唐氏症家長協會,(02)22782321,121.5249013,25.09196509
308,士林區,福中,大南路285巷7號對面(公園旁),臺北市唐氏症家長協會,(02)22782321,121.5189526,25.08854527
309,士林區,福志,福志路2號電箱旁,臺北市唐氏症家長協會,(02)22782321,121.532146,25.098404
310,士林區,福志,中山北路5段698巷37號旁,臺北市唐氏症家長協會,(02)22782321,121.5288081,25.09776352
311,士林區,德行,德行西路30號前,臺北市唐氏症家長協會,(02)22782321,121.5233876,25.10572253
312,大同區,光能,南京西路25巷與赤峰街17巷口,臺北市唐氏症家長協會,(02)22782321,121.5202792,25.05366644
313,大同區,光能,承德路2段91巷口,臺北市唐氏症家長協會,(02)22782321,121.518435,25.056317
314,大同區,南芳,民權西路244號前方郵筒旁,臺北市唐氏症家長協會,(02)22782321,121.5127398,25.06282638
315,大同區,國慶,昌吉街95巷口（昌吉街端）,臺北市唐氏症家長協會,(02)22782321,121.5131372,25.0661159
316,大同區,國慶,延平北路3段113巷20號對面,臺北市唐氏症家長協會,(02)22782321,121.511869,25.06830153
317,大同區,國慶,重慶北路3段236巷4號對面,臺北市唐氏症家長協會,(02)22782321,121.5130763,25.07055854
318,大同區,揚雅,重慶北路3段113巷28號,臺北市唐氏症家長協會,(02)22782321,121.5150413,25.06729927
319,大同區,斯文,民族西路76巷1弄口,臺北市唐氏症家長協會,(02)22782321,121.5180547,25.06844676
320,大同區,雙連,承德路2段167號前,臺北市唐氏症家長協會,(02)22782321,121.5183302,25.05824642
321,中山區,正義,長安東路1段77巷4弄4之1號對面,臺北市唐氏症家長協會,(02)22782321,121.52815,25.04866329
322,中山區,正義,林森北路85巷52號對面,臺北市唐氏症家長協會,(02)22782321,121.5266651,25.04949192
323,中山區,行政,松江路469巷43號前,臺北市唐氏症家長協會,(02)22782321,121.5352702,25.06581009
324,中山區,晴光,雙城街18巷口,臺北市唐氏症家長協會,(02)22782321,121.5242221,25.06544394
325,中山區,松江,民生東路2段147巷與建國北路2段116巷口,臺北市唐氏症家長協會,(02)22782321,121.5348173,25.05912351
326,中山區,松江,民權東路2段152巷口,臺北市唐氏症家長協會,(02)22782321,121.5346866,25.06230921
327,中山區,松江,錦州街298號對面,臺北市唐氏症家長協會,(02)22782321,121.5359561,25.06031003
328,中山區,松江,松江路235巷口,臺北市唐氏症家長協會,(02)22782321,121.5333784,25.05889051
329,大安區,正聲,光復南路290巷25號旁,臺北市唐氏症家長協會,(02)22782321,121.55635,25.03943
330,大安區,民炤,仁愛路3段24巷1弄口和仁愛路3段24巷口,臺北市唐氏症家長協會,(02)22782321,121.5356168,25.03718346
331,松山區,中正,八德路2段451巷口,臺北市唐氏症家長協會,(02)22782321,121.5474989,25.0493188
332,松山區,復源,光復南路32巷與八德路3段158巷口,臺北市唐氏症家長協會,(02)22782321,121.5553138,25.04641498
333,信義區,正和,仁愛路4段512巷16號之1對面（廟後方）,臺北市唐氏症家長協會,(02)22782321,121.560684,25.036448
334,南港區,鴻福,中坡南路72號對面,臺北市唐氏症家長協會,(02)22782321,121.585053,25.041811
335,萬華區,新安,萬大路277巷33弄口,臺北市唐氏症家長協會,(02)22782321,121.5017857,25.0255549
336,南港區,鴻福,成福路178巷與福德街300巷對面公園,臺北市唐氏症家長協會,(02)22782321,121.58627,25.041616
337,松山區,復源,八德路3段106巷62號旁,臺北市唐氏症家長協會,(02)22782321,121.5540317,25.0462873
341,士林區,芝山,士東路266巷20弄12號對面,財團法人台北市樹仁社會福利基金會,(02)28936122,121.53598,25.11123
342,內湖區,湖興,成功路2段320巷60號對面電箱旁,財團法人台北市樹仁社會福利基金會,(02)28936122,121.58782,25.06774
343,北投區,奇岩,公館路228巷口,財團法人台北市樹仁社會福利基金會,(02)28936122,121.50786,25.12645
344,士林區,天福,天母東路8巷19弄對面,財團法人台北市樹仁社會福利基金會,(02)28936122,121.53173,25.11748
345,士林區,東山,德行東路331巷對面角,財團法人台北市樹仁社會福利基金會,(02)28936122,121.538,25.11349
346,士林區,芝山,德行東路378巷口,財團法人台北市樹仁社會福利基金會,(02)28936122,121.53981,25.1106
347,北投區,東華,東華街2段266號旁,財團法人台北市樹仁社會福利基金會,(02)28936122,121.50813,25.12077
348,北投區,吉利,吉利街280巷27弄23號旁,財團法人台北市樹仁社會福利基金會,(02)28936122,121.51114,25.11743
349,士林區,社子,社中街141號,財團法人台北市樹仁社會福利基金會,(02)28936122,121.5096,25.09055
350,北投區,奇岩,公館路211號旁,財團法人台北市樹仁社會福利基金會,(02)28936122,121.5077,25.1276
351,北投區,吉利,石牌路1段39巷131弄2號對面,財團法人台北市樹仁社會福利基金會,(02)28936122,121.50991,25.11779
352,士林區,舊佳,後街12號旁,財團法人台北市樹仁社會福利基金會,(02)28936122,121.52465,25.09807
353,南港區,舊莊,舊莊街1段199巷11弄2號對面,財團法人台北市樹仁社會福利基金會,(02)28936122,121.62258,25.03973
354,松山區,吉祥,八德路4段245巷32弄2號,財團法人台北市樹仁社會福利基金會,(02)28936122,121.56441,25.05006
355,內湖區,紫星,星雲街31號旁,財團法人台北市樹仁社會福利基金會,(02)28936122,121.59135,25.07867
356,內湖區,碧山,內湖路3段60巷8弄28號旁,財團法人台北市樹仁社會福利基金會,(02)28936122,121.59155,25.08796
357,北投區,吉利,致遠二路86號旁（電箱旁）,財團法人台北市樹仁社會福利基金會,(02)28936122,121.51229,25.11676
358,士林區,福志,福志路50號對面,財團法人台北市樹仁社會福利基金會,(02)28936122,121.53039,25.09893
359,士林區,福志,福志路101號旁,財團法人台北市樹仁社會福利基金會,(02)28936122,121.52863,25.09855
360,北投區,中庸,中和街347號對面,財團法人台北市樹仁社會福利基金會,(02)28936122,121.49935,25.14148
361,中正區,螢圃,同安街48號左前方,財團法人台北市樹仁社會福利基金會,(02)28936122,121.5216,25.0241
362,中正區,文北,杭州南路1段101巷27號對面,財團法人台北市樹仁社會福利基金會,(02)28936122,121.52719,25.03744
363,松山區,介壽,民生東路5段56號前（電箱旁）,財團法人台北市樹仁社會福利基金會,(02)28936122,121.55806,25.05838
364,士林區,三玉,德行東路203巷4號對面,財團法人台北市樹仁社會福利基金會,(02)28936122,121.53263,25.10929
365,文山區,順興,木新路3段74巷8弄1號,財團法人台北市樹仁社會福利基金會,(02)28936122,121.56337,24.98293
366,內湖區,金瑞,內湖路3段365號對面,財團法人台北市樹仁社會福利基金會,(02)28936122,121.58351,25.08973
367,士林區,永倫,延平北路6段258巷16號對面,財團法人台北市樹仁社會福利基金會,(02)28936122,121.50374,25.08997
368,中正區,愛國,中華路2段77號前,財團法人台北市樹仁社會福利基金會,(02)28936122,121.50588,25.03427
369,中正區,愛國,中華路2段75巷9號對面杭園內,財團法人台北市樹仁社會福利基金會,(02)28936122,121.5064234,25.03389136
370,士林區,天福,天母東?70號前,財團法人台北市樹仁社會福利基金會,(02)28936122,121.5349847,25.1179798
371,士林區,前港,後港街118號對面電信箱旁,財團法人台北市樹仁社會福利基金會,(02)28936122,121.521324,25.0867345
372,大安區,通安,安和路2段57號,財團法人台北市樹仁社會福利基金會,(02)28936122,121.5525606,25.03105906
373,中正區,頂東,汀州路2段263號,財團法人台北市樹仁社會福利基金會,(02)28936122,121.5236815,25.0225756
374,萬華區,華中,萬大路618巷35號旁,財團法人台北市樹仁社會福利基金會,(02)28936122,121.494843,25.01768212
375,萬華區,華中,萬大路486巷35號旁,財團法人台北市樹仁社會福利基金會,(02)28936122,121.4963815,25.02019792
376,松山區,介壽,新中街2巷口,財團法人伊甸社會福利基金會附設臺北市私立八德服務中心,(02)25777636,121.561293,25.058802
377,松山區,復勢,光復北路60巷19號對面,財團法人伊甸社會福利基金會附設臺北市私立八德服務中心,(02)25777636,121.556409,25.049812
378,松山區,復源,市民大道4段257號旁,財團法人伊甸社會福利基金會附設臺北市私立八德服務中心,(02)25777636,121.554848,25.24476
379,松山區,吉仁,八德路3段106巷與延吉街5巷口,財團法人伊甸社會福利基金會附設臺北市私立八德服務中心,(02)25777636,121.554244,25.046313
380,松山區,復源,八德路3段106巷60號正對面(公園旁),財團法人伊甸社會福利基金會附設臺北市私立八德服務中心,(02)25777636,121.55411,25.046221
381,內湖區,五分,五分街41號對面,財團法人伊甸社會福利基金會附設臺北市私立八德服務中心,(02)25777636,121.613697,25.067535
382,士林區,蘭興,磺溪街55巷19號斜對面電線桿旁,財團法人伊甸社會福利基金會附設臺北市私立八德服務中心,(02)25777636,121.522034,25.107453
383,士林區,後港,大南路通河東街1段交會處,財團法人伊甸社會福利基金會附設臺北市私立八德服務中心,(02)25777636,121.515591,25.089402
384,士林區,福中,福港街205號百齡國小,財團法人伊甸社會福利基金會附設臺北市私立八德服務中心,(02)25777636,121.518794,25.085815
385,士林區,天祿,忠誠路2段118巷11弄口,財團法人伊甸社會福利基金會附設臺北市私立八德服務中心,(02)25777636,121.530802,25.113673
386,士林區,社子,社中街39號對面,財團法人伊甸社會福利基金會附設臺北市私立八德服務中心,(02)25777636,121.510337,25.088184
387,北投區,中心,泉源路25號旁,財團法人伊甸社會福利基金會附設臺北市私立八德服務中心,(02)25777636,121.506009,25.139554
388,內湖區,金龍,成功路4段234號旁空地對面,財團法人伊甸社會福利基金會附設臺北市私立八德服務中心,(02)25777636,121.596736,25.084555
389,內湖區,麗山,內湖路1段411巷62弄斜對面,財團法人伊甸社會福利基金會附設臺北市私立八德服務中心,(02)25777636,121.571533,25.083492
390,南港區,舊莊,南深路21巷口旁人行道底,財團法人伊甸社會福利基金會附設臺北市私立八德服務中心,(02)25777636,121.621451,25.037988
391,士林區,天山,天母東路43巷4弄口,財團法人伊甸社會福利基金會附設臺北市私立八德服務中心,(02)25777636,121.533381,25.118518
392,士林區,天山,中山北路7段14巷(抽水站面電話亭旁),財團法人伊甸社會福利基金會附設臺北市私立八德服務中心,(02)25777636,121.533312,25.119851
393,士林區,芝山,芝玉路2段88巷2號斜對面,財團法人伊甸社會福利基金會附設臺北市私立八德服務中心,(02)25777636,121.533362,25.112505
394,士林區,岩山,至誠路1段62巷12號對面變電箱旁,財團法人伊甸社會福利基金會附設臺北市私立八德服務中心,(02)25777636,121.536461,25.101634
395,士林區,忠誠,忠誠路1段100巷口（電燈桿旁）,財團法人伊甸社會福利基金會附設臺北市私立八德服務中心,(02)25777636,121.528149,25.10564
396,南港區,重陽,重陽路187巷7號斜對面電箱旁,財團法人伊甸社會福利基金會附設臺北市私立八德服務中心,(02)25777636,121.598478,25.057589
397,南港區,東明,南港路2段178巷電箱旁,財團法人伊甸社會福利基金會附設臺北市私立八德服務中心,(02)25777636,121.5991566,25.05516306
398,松山區,民有,民生東路3段113巷25弄13號正對面公園,財團法人伊甸社會福利基金會附設臺北市私立八德服務中心,(02)25777636,121.546554,25.059776
399,內湖區,葫洲,民權東路6段296巷66-3號對面105號對面,財團法人伊甸社會福利基金會附設臺北市私立八德服務中心,(02)25777636,121.608765,25.070397
400,士林區,聖山,忠誠路1段149號,財團法人伊甸社會福利基金會附設臺北市私立八德服務中心,(02)25777636,121.529823,25.1064
401,信義區,景勤,信安街83號旁,財團法人伊甸社會福利基金會附設臺北市私立八德服務中心,(02)25777636,121.55742,25.025796
402,士林區,東山,士東路352巷口,財團法人伊甸社會福利基金會附設臺北市私立八德服務中心,(02)25777636,121.540139,25.113118
403,內湖區,麗山,內湖路1段387巷17號對面(西湖公園樓梯旁),財團法人伊甸社會福利基金會附設臺北市私立八德服務中心,(02)25777636,121.570663,25.083403
404,士林區,明勝,通河街76巷邊公佈欄,財團法人伊甸社會福利基金會附設臺北市私立八德服務中心,(02)25777636,121.520149,25.080141
405,士林區,芝山,德行東路283巷口,財團法人伊甸社會福利基金會附設臺北市私立八德服務中心,(02)25777636,121.535879,25.111535
406,中正區,文盛,羅斯福路3段244巷10弄1-1號圍牆外變電箱邊,台北市肌萎縮症病友協會,(02)27272321,121.5307767,25.01671189
407,大安區,古風,泰順街54巷與龍泉街84號對面變電箱邊,台北市肌萎縮症病友協會,(02)27272321,121.529344,25.02297059
408,南港區,南港,興華路與東明街口(立體停車場變電箱下),台北市肌萎縮症病友協會,(02)27272321,121.605836,25.05603136
409,信義區,景聯,基隆路2段79巷32號邊,台北市肌萎縮症病友協會,(02)27272321,121.5597259,25.02938034
410,信義區,四維,虎林街75號旁邊路燈桿旁,台北市肌萎縮症病友協會,(02)27272321,121.5771039,25.04525387
411,信義區,六藝,永吉路180巷69號對面布告欄邊,台北市肌萎縮症病友協會,(02)27272321,121.5714876,25.04352468
412,信義區,雅祥,松信路38號對面人行道,台北市肌萎縮症病友協會,(02)27272321,121.5721152,25.04787081
413,信義區,雅祥,基隆路1段35巷7弄1號旁,台北市肌萎縮症病友協會,(02)27272321,121.5703626,25.04791683
414,信義區,三犁,信義路5段150巷38-6號反光鏡下,台北市肌萎縮症病友協會,(02)27272321,121.5703923,25.02600666
415,信義區,興雅,忠孝東路5段71巷全聯旁人行道,台北市肌萎縮症病友協會,(02)27272321,121.5674066,25.04340761
416,信義區,四育,虎林街46巷32號對面反光鏡邊人行道,台北市肌萎縮症病友協會,(02)27272321,121.5748012,25.04739045
417,信義區,興雅,忠孝東路5段71巷11弄2號對面路燈旁人行道,台北市肌萎縮症病友協會,(02)27272321,121.5674013,25.04207934
418,信義區,長春,忠孝東路5段295巷14號對面圍牆邊,台北市肌萎縮症病友協會,(02)27272321,121.5726052,25.04226618
419,信義區,三張,松仁路202巷2弄36號邊(電信箱)人行道,台北市肌萎縮症病友協會,(02)27272321,121.5680608,25.02858024
420,信義區,中坡,中坡南路182號對面電信箱旁人行道,台北市肌萎縮症病友協會,(02)27272321,121.5840706,25.03860658
421,信義區,永春,松山路287巷1-1號對面圍牆邊人行道,台北市肌萎縮症病友協會,(02)27272321,121.5784633,25.04291947
422,信義區,松光,松山路515巷20號對面變電箱邊人行道,台北市肌萎縮症病友協會,(02)27272321,121.5790728,25.03872545
423,信義區,惠安,吳興街394巷口對面圍牆變電箱邊,台北市肌萎縮症病友協會,(02)27272321,121.5674756,25.02483031
424,信義區,黎順,基隆路2段159巷口右側人行道,台北市肌萎縮症病友協會,(02)27272321,121.5540915,25.02559243
425,信義區,雙和,吳興街284巷24弄口1-1號邊,台北市肌萎縮症病友協會,(02)27272321,121.5635863,25.02437099
426,信義區,景聯,吳興街44-1號對面路燈邊,台北市肌萎縮症病友協會,(02)27272321,121.5601483,25.03130973
427,中正區,林興,羅斯福路3段284巷與羅斯福路3段316巷9弄口,台北市肌萎縮症病友協會,(02)27272321,121.5315602,25.01590055
428,信義區,雙和,吳興街284巷28弄2號對面路燈邊,台北市肌萎縮症病友協會,(02)27272321,121.5630959,25.02340488
429,信義區,景聯,基隆路2段79巷1號對面圍牆邊人行道,台北市肌萎縮症病友協會,(02)27272321,121.5584251,25.03002132
430,信義區,四育,虎林街32號邊變電箱與郵筒中間,台北市肌萎縮症病友協會,(02)27272321,121.5760776,25.04812968
431,信義區,永春,忠孝東路5段621巷4號對面路燈邊,台北市肌萎縮症病友協會,(02)27272321,121.5789416,25.04208294
432,信義區,雅祥,永吉路127巷8號對面人行道,台北市肌萎縮症病友協會,(02)27272321,121.5704324,25.04619385
433,信義區,松光,林口街77號對面電信箱邊人行道,台北市肌萎縮症病友協會,(02)27272321,121.579099,25.0391985
434,大安區,古風,龍泉街93巷與泰順街62巷口(古亭國小人行道週邊),台北市肌萎縮症病友協會,(02)27272321,121.5301501,25.02146431
435,信義區,興雅,永吉路30巷167弄34號路口人行道,台北市肌萎縮症病友協會,(02)27272321,121.5696577,25.04487531
436,士林區,天山,中山北路7段14巷5弄2號對面,台北市脊髓損傷者協會,(02)25986062,121.53144,25.11882
437,北投區,奇岩,公館路92巷口,台北市脊髓損傷者協會,(02)25986062,121.50462,25.13084
438,北投區,八仙,立農街1段20號對面,台北市脊髓損傷者協會,(02)25986062,121.50291,25.11936
439,士林區,三玉,忠誠路2段46號,台北市脊髓損傷者協會,(02)25986062,121.53034,25.11021
440,北投區,大同,大同街88號前牆邊,台北市脊髓損傷者協會,(02)25986062,121.49859,25.13364
441,北投區,大同,大興街23巷25號前,台北市脊髓損傷者協會,(02)25986062,121.4983,25.13083
442,北投區,八仙,崇仁路1段155巷2號對面樹旁,台北市脊髓損傷者協會,(02)25986062,121.50227,25.12374
443,大同區,民權,錦西街53巷口旁,台北市脊髓損傷者協會,(02)25986062,121.5161,25.05992
444,大同區,至聖,大龍街187巷口,台北市脊髓損傷者協會,(02)25986062,121.51598,25.06967
445,大同區,雙連,寧夏路57巷口,台北市脊髓損傷者協會,(02)25986062,121.51544,25.05771
446,內湖區,金湖,成功路5段79號前,台北市脊髓損傷者協會,(02)25986062,121.60558,25.07386
447,松山區,吉仁,八德路3段106巷1號對面公園邊,台北市脊髓損傷者協會,(02)25986062,121.55342,25.04803
448,萬華區,新起,長沙街2段40巷口電信設備邊,台北市脊髓損傷者協會,(02)25986062,121.50643,25.04062
449,文山區,明義,興隆路4段與下崙路口榕樹旁,台北市脊髓損傷者協會,(02)25986062,121.5607,24.98668
450,文山區,萬祥,景明街14巷口,台北市脊髓損傷者協會,(02)25986062,121.54129,25.00187
451,文山區,萬有,景興路10巷7號旁對面,台北市脊髓損傷者協會,(02)25986062,121.54389,24.99796
452,文山區,萬有,興隆路1段184巷4弄口公園路燈旁,台北市脊髓損傷者協會,(02)25986062,121.54255,25.00054
453,文山區,興泰,辛亥路4段188巷口樹邊,台北市脊髓損傷者協會,(02)25986062,121.55586,25.0031
454,大安區,錦華,和平東路1段11巷24號對面,台北市脊髓損傷者協會,(02)25986062,121.52263,25.02796
455,大安區,錦華,和平東路1段55巷口(排水溝旁),台北市脊髓損傷者協會,(02)25986062,121.52441,25.02726
466,松山區,吉祥,八德路4段245巷52弄5號旁,臺北市弱勢者發展協會,(02)25429529,121.5636211,25.050645
467,士林區,蘭雅,中山北路6段290巷7弄1號對面,臺北市弱勢者發展協會,(02)25429529,121.5261713,25.110267
468,北投區,開明,中和街232號旁,臺北市弱勢者發展協會,(02)25429529,121.501616,25.139518
469,北投區,開明,珠海路105號對面 ,臺北市弱勢者發展協會,(02)25429529,121.505685,25.141864
470,松山區,新益,富錦街562巷1號對面,臺北市弱勢者發展協會,(02)25429529,121.5671472,25.062348
471,松山區,中正,南京東路3段338巷與敦化北路4巷(交通管制箱旁),臺北市弱勢者發展協會,(02)25429529,121.5477077,25.0514782
472,松山區,中正,南京東路3段303巷7弄7號對面,臺北市弱勢者發展協會,(02)25429529,121.5458759,25.0533855
473,松山區,中正,復興北路17巷交叉口,臺北市弱勢者發展協會,(02)25429529,121.5440581,25.0492947
474,松山區,中正,敦化北路4巷31號對面,臺北市弱勢者發展協會,(02)25429529,121.5455589,25.0500981
475,松山區,東勢,南京東路4段131號旁,臺北市弱勢者發展協會,(02)25429529,121.5549643,25.052111
476,松山區,東勢,南京東路4段179巷5號前,臺北市弱勢者發展協會,(02)25429529,121.5549643,25.052111
477,松山區,中正,長春路454號旁,臺北市弱勢者發展協會,(02)25429529,121.5552813,25.05318161
478,松山區,吉祥,南京東路5段66巷4號旁,臺北市弱勢者發展協會,(02)25429529,121.5607527,25.050976
479,松山區,鵬程,健康路325巷7號前,臺北市弱勢者發展協會,(02)25429529,121.566375,25.055613
480,松山區,鵬程,健康路325巷6弄27號對面,臺北市弱勢者發展協會,(02)25429529,121.5683801,25.055396
481,松山區,新聚,南京東路5段250巷3之2號旁,臺北市弱勢者發展協會,(02)25429529,121.5657575,25.050802
482,松山區,復盛,光復南路17巷1號前,臺北市弱勢者發展協會,(02)25429529,121.5580777,25.047378
483,松山區,復勢,南京東路4段120巷19弄口,臺北市弱勢者發展協會,(02)25429529,121.554673,25.052621
484,松山區,復勢,八德路3段155巷20弄15號對面,臺北市弱勢者發展協會,(02)25429529,121.5561155,25.049535
485,松山區,美仁,八德路3段99巷12號對面公廁旁,臺北市弱勢者發展協會,(02)25429529,121.5535306,25.049187
486,松山區,敦化,八德路3段12巷51弄1號對面,臺北市弱勢者發展協會,(02)25429529,121.5508631,25.046531
487,松山區,敦化,八德路3段12巷52弄30號旁,臺北市弱勢者發展協會,(02)25429529,121.5496701,25.046426
488,大安區,通安,樂利路27巷1號對面,臺北市弱勢者發展協會,(02)25429529,121.5530541,25.02906218
489,松山區,新東,新東街33號對面,臺北市弱勢者發展協會,(02)25429529,121.5665527,25.06137134
490,松山區,新東,民生東路5段234號旁,臺北市弱勢者發展協會,(02)25429529,121.5681334,25.05956321
491,文山區,興福,景華街177巷4-1號旁,臺北市弱勢者發展協會,(02)25429529,121.5485335,24.99927731
492,士林區,天玉,中山北路7段81巷45號旁,臺北市弱勢者發展協會,(02)25429529,121.52839,25.12234
493,文山區,興福,景華街121巷7弄2號旁,臺北市弱勢者發展協會,(02)25429529,121.547364,24.99654593
494,松山區,東光,健康路182號對面（長壽公園）,臺北市弱勢者發展協會,(02)25429529,121.55936,25.035389
495,松山區,東光,南京東路5段123巷6弄24號對面,臺北市弱勢者發展協會,(02)25429529,121.56186,25.05315
496,松山區,民福,五常街370號對面空地榕樹前,臺北市視障藝文發展協會,(02)25912695,121.2454968,25.06435211
497,松山區,吉祥,南京東路5段66巷22弄與光復北路11巷50號旁巷口路燈下,臺北市視障藝文發展協會,(02)25912695,121.5598711,25.04982541
498,松山區,中華,敦化北路155巷66弄與165巷交叉口,臺北市視障藝文發展協會,(02)25912695,121.5513762,25.0547216
499,中山區,下埤,復興北路514巷10號旁,臺北市視障藝文發展協會,(02)25912695,121.5436923,25.0659441
500,中山區,中央,松江路127號與四平街口變電箱旁,臺北市視障藝文發展協會,(02)25912695,121.5331895,25.0535862
501,中山區,中央,松江路123巷與伊通街口變電箱旁,臺北市視障藝文發展協會,(02)25912695,121.5347569,25.0529210.
502,中山區,中央,建國北路2段與四平街口,臺北市視障藝文發展協會,(02)25912695,121.5365104,25.0536014
503,中山區,中央,伊通街與長春路電箱下,臺北市視障藝文發展協會,(02)25912695,121.5349775,25.0547531
504,中山區,龍洲,長春路327巷口,臺北市視障藝文發展協會,(02)25912695,121.5435139,25.0546696
505,松山區,民有,復興北路361巷30號對面中山國中圍牆邊,臺北市視障藝文發展協會,(02)25912695,121.5465559,25.0604801
506,大安區,芳和,嘉興街319號對面電箱旁,臺北市視障藝文發展協會,(02)25912695,121.5534606,25.0226568
507,大安區,臨江,臨江街40巷59號旁,臺北市視障藝文發展協會,(02)25912695,121.5554823,25.0285201
508,大安區,臨江,通化街123巷2號旁,臺北市視障藝文發展協會,(02)25912695,121.5542089,25.0291894
509,中山區,下埤,復興北路514巷66號對面電箱旁,臺北市視障藝文發展協會,(02)25912695,121.5411254,25.0660051
510,信義區,黎平,崇德街38巷27號旁,臺北市視障藝文發展協會,(02)25912695,121.5545134,25.0233576
511,中山區,下埤,龍江路457巷口,臺北市視障藝文發展協會,(02)25912695,121.541106,25.0675789
512,萬華區,綠堤,環河南路2段與長順街口,臺北市視障藝文發展協會,(02)25912695,121.4908307,25.0312399
513,大安區,德安,大安路1段235號旁,臺北市視障藝文發展協會,(02)25912695,121.5461308,25.0342449
514,松山區,莊敬,撫遠街389巷口樹下,臺北市視障藝文發展協會,(02)25912695,121.5678386,25.0651988
515,松山區,莊敬,民權東路5段1號與撫遠街376-400巷口,臺北市視障藝文發展協會,(02)25912695,121.5647178,25.0635227
516,信義區,永春,永吉路502巷3號旁,臺北市視障藝文發展協會,(02)25912695,121.5800621,25.0448066
517,松山區,新聚,八德路4段289之4號對面,臺北市視障藝文發展協會,(02)25912695,121.5662326,25.0493418
518,士林區,德行,中山北路5段811巷(福國路15巷停車場旁),臺北市視障藝文發展協會,(02)25912695,121.5245926,25.1008998
519,士林區,德華,福華路141巷2號前電線桿下,臺北市視障藝文發展協會,(02)25912695,121.5222481,25.1028882
520,大安區,民炤,新生南路1段165巷35號斜對面,臺北市視障藝文發展協會,(02)25912695,121.5360153,25.03419927
521,大安區,華聲,延吉街131巷1弄34號對面,臺北市視障藝文發展協會,(02)25912695,121.534456,25.048934
522,大安區,光武,大安路1段19巷24號旁,臺北市視障藝文發展協會,(02)25912695,121.534994,25.05065
523,信義區,黎平,信安街149號旁,臺北市視障藝文發展協會,(02)25912695,121.54219,25.06714
524,信義區,黎安,和平東路3段509巷4號公佈欄,臺北市視障藝文發展協會,(02)25912695,121.54122,25.06321
525,大安區,光信,光復南路420巷1弄口,臺北市視障藝文發展協會,(02)25912695,121.582258,25.079034
526,中正區,廈安,莒光路44號旁小公園,台北市角落關懷協會,(02)25537117,121.5055183,25.03141798
527,大同區,雙連,寧夏路89號大同分局對面電箱旁,台北市角落關懷協會,(02)25537117,121.5150643,25.05933633
528,大同區,永樂,甘谷街44號前路燈下,台北市角落關懷協會,(02)25537117,121.5105993,25.05295416
529,信義區,新仁,忠孝東路4段559巷與基隆路1段172巷交叉口人行道,台北市角落關懷協會,(02)25537117,121.5636841,25.04330178
530,信義區,敦厚,永吉路30巷12弄5號,台北市角落關懷協會,(02)25537117,121.5687607,25.0451275
531,信義區,安康,虎林街164巷28號對面中全公園,台北市角落關懷協會,(02)25537117,121.5757024,25.03876751
532,信義區,三張,松仁路228巷口,台北市角落關懷協會,(02)25537117,121.5689214,25.0256186
533,信義區,松光,林口街82號公園前人行道,台北市角落關懷協會,(02)25537117,121.5792451,25.03941365
534,南港區,舊莊,舊莊街1段145巷底公園,台北市角落關懷協會,(02)25537117,121.6190723,25.04327415
535,南港區,東新,重陽路166巷口,台北市角落關懷協會,(02)25537117,121.6010577,25.05732291
536,南港區,中研,研究院路2段61巷3弄口,台北市角落關懷協會,(02)25537117,121.6166367,25.04315727
537,大安區,誠安,忠孝東路3段251巷6弄底誠安公園圍牆旁,台北市角落關懷協會,(02)25537117,121.5411667,25.0426684
538,大安區,黎元,安居街55號旁,台北市角落關懷協會,(02)25537117,121.5749544,25.0196588
539,大安區,黎元,安居街121號之1,台北市角落關懷協會,(02)25537117,121.5518977,25.01827756
540,信義區,景新,莊敬路239巷12號對面(1弄路口) ,台北市角落關懷協會,(02)25537117,121.5630116,25.02999655
541,信義區,景勤,吳興街156巷61號對面人行道,台北市角落關懷協會,(02)25537117,121.5593489,25.0282149
542,中正區,忠勤,南海路103號,台北市角落關懷協會,(02)25537117,121.5076462,25.027939
543,大安區,虎嘯,敦化南路2段293巷人行道旁,台北市角落關懷協會,(02)25537117,121.549008,25.02394715
544,大安區,義安,敦化南路2段81巷45弄3號旁,台北市角落關懷協會,(02)25537117,121.5505222,25.03028417
546,士林區,明勝,承德路4段5臨之2對面人行道,台北市角落關懷協會,(02)25537117,121.5219738,25.07944746
547,士林區,明勝,承德路4段6巷口承德橋下橋墩,台北市角落關懷協會,(02)25537117,121.5212944,25.07900072
548,大安區,敦安,仁愛路4段122巷底與信義路4段,台北市角落關懷協會,(02)25537117,121.5503413,25.03351807
549,信義區,景勤,信安街50號對面公園轉角,台北市角落關懷協會,(02)25537117,121.5582503,25.02706951
550,信義區,景勤,信安街底吳興街156巷33弄交叉口,台北市角落關懷協會,(02)25537117,121.5606099,25.02772426
551,信義區,景勤,吳興街156巷40弄2號對面公園轉角,台北市角落關懷協會,(02)25537117,121.5597628,25.02836377
556,南港區,鴻福,中坡南路49巷口公園前(號誌控制器旁),台北市行無礙資源推廣協會,(02)25994649,121.5817863,25.0434328
557,大同區,星明,太原路183巷口牆邊,台北市行無礙資源推廣協會,(02)25994649,121.5114951,25.0526212
558,信義區,六藝,永吉路182號(永吉路及永吉路180巷交叉口)人行道,台北市行無礙資源推廣協會,(02)25994649,121.5688763,25.0445638
560,中正區,文盛,羅斯福路3段210巷8弄口變電箱下,台北市行無礙資源推廣協會,(02)25994649,121.527398,25.0178461
561,信義區,安康,信義路6段15巷18弄6號對面路燈邊,台北市行無礙資源推廣協會,(02)25994649,121.5729721,25.0354791
562,信義區,黎順,崇德街96號對面變電箱旁人行道,台北市行無礙資源推廣協會,(02)25994649,121.5530789,25.024157
563,南港區,東新,興南街與興南街64巷口,台北市行無礙資源推廣協會,(02)25994649,121.5664653,25.0434755
564,信義區,安康,信義路6段63號邊,台北市行無礙資源推廣協會,(02)25994649,121.574472,25.0353861
565,南港區,九如,研究院路3段68巷口永思橋邊,台北市行無礙資源推廣協會,(02)25994649,121.6124163,25.0358873
566,南港區,東新,興南街60巷27號對面變電箱邊,台北市行無礙資源推廣協會,(02)25994649,121.6016023,25.0559428
567,南港區,舊莊,大坑街與合順街口(56號電線桿邊),台北市行無礙資源推廣協會,(02)25994649,121.6172259,25.0429748
568,信義區,雙和,吳興街284巷22弄92號(黎雙公園)人行道,台北市行無礙資源推廣協會,(02)25994649,121.5589576,25.0235593
569,中正區,林興,水源路35巷與33巷口(守望相助亭),台北市行無礙資源推廣協會,(02)25994649,121.5208319,25.0178702
570,南港區,玉成,東新街6-7號(玉東親民園旁),台北市行無礙資源推廣協會,(02)25994649,121.4922135,25.0506739
571,信義區,六藝,松信路96號邊變電箱,台北市行無礙資源推廣協會,(02)25994649,121.5720024,25.04478115
572,信義區,景聯,吳興街118號旁,台北市行無礙資源推廣協會,(02)25994649,121.5611034,25.0300084
573,南港區,玉成,南港路3段338號,台北市行無礙資源推廣協會,(02)25994649,121.580695,25.051602
574,南港區,中研,研究院路2段12巷57弄口,台北市行無礙資源推廣協會,(02)25994649,121.6137571,25.04752903
575,文山區,萬美,萬利街4號旁,台北市行無礙資源推廣協會,(02)25994649,121.56633,25.00061
576,中正區,永昌,詔安街157號對面,台北市行無礙資源推廣協會,(02)25994649,121.51344,25.02614
577,內湖區,大湖,大湖山莊街151巷底（土地公廟前）,台北市行無礙資源推廣協會,(02)25994649,121.602339,25.086977
578,內湖區,寶湖,文德路73號（內湖路2段122巷）,台北市行無礙資源推廣協會,(02)25994649,121.58226,25.07905
579,文山區,萬美,萬寧街36巷公車站牌旁,台北市行無礙資源推廣協會,(02)25994649,121.5655036,25.00338594
586,中山區,正義,長安東路1段35號旁電箱,台北市彩虹心服務協會,(02)25060676,121.5250743,25.0492709
587,中山區,正義,新生北路1段108之2號,台北市彩虹心服務協會,(02)25060676,121.5282827,25.0495641
588,中山區,正義,南京東路1段132巷和林森北路159巷交叉口,台北市彩虹心服務協會,(02)25060676,121.5271385,25.0513809
589,大同區,光能,承德路2段1巷6號 (建成公園邊),台北市彩虹心服務協會,(02)25060676,121.518163,25.05367384
590,大同區,南芳,延平北路圓環邊(延平北路2段286之1號對面),台北市彩虹心服務協會,(02)25060676,121.5106933,25.0626881
591,大同區,南芳,涼州街96號對面電箱旁,台北市彩虹心服務協會,(02)25060676,121.510113,25.0605492
592,大同區,大有,民樂街167巷電線桿旁(大稻埕公園邊),台北市彩虹心服務協會,(02)25060676,121.5107495,25.0588863
593,大同區,保安,哈密街68巷電箱旁,台北市彩虹心服務協會,(02)25060676,121.5182509,25.0726536
594,大同區,保安,哈密街45巷11號對面轉角,台北市彩虹心服務協會,(02)25060676,121.517366,25.074519
595,大同區,鄰江,迪化街2段290號對面邊,台北市彩虹心服務協會,(02)25060676,121.5117501,25.0712351
596,大同區,鄰江,重慶北路3段252巷20號的對面電箱,台北市彩虹心服務協會,(02)25060676,121.5128535,25.0712118
597,大同區,朝陽,延平北路2段43巷內,台北市彩虹心服務協會,(02)25060676,121.5121573,25.0551549
598,大同區,朝陽,重慶北路2段46巷6號旁,台北市彩虹心服務協會,(02)25060676,121.513789,25.055275
599,大同區,老師,迪化街2段364巷25弄口對面牆邊,台北市彩虹心服務協會,(02)25060676,121.5118846,25.0732643
600,大同區,雙連,寧夏路84號旁牆邊,台北市彩虹心服務協會,(02)25060676,121.5150251,25.0583613
601,大安區,民輝,仁愛路3段5巷3弄18號對面公園,台北市彩虹心服務協會,(02)25060676,121.5346587,25.0395531
602,大同區,永樂,貴德街45號路燈下,台北市彩虹心服務協會,(02)25060676,121.5083284,25.0543784
603,中正區,板溪,晉江街4巷4號對面,台北市彩虹心服務協會,(02)25060676,121.5209737,25.0260892
604,中正區,板溪,同安街28巷10號牆邊,台北市彩虹心服務協會,(02)25060676,121.5211868,25.0247523
605,中正區,板溪,和平西路1段36號旁,台北市彩虹心服務協會,(02)25060676,121.5203241,25.0264846
606,中正區,板溪,牯嶺街95巷與同安街28巷交叉口（聖道堂電箱旁),台北市彩虹心服務協會,(02)25060676,121.5218662,25.0246998
607,大同區,大有,民生西路423巷25號,台北市彩虹心服務協會,(02)25060676,121.5085854,25.05773809
608,大安區,芳和,樂業街72巷27號對面,台北市彩虹心服務協會,(02)25060676,121.5499082,25.0211526
609,大同區,大有,民生西路與民生西路423巷機車停車位旁,台北市彩虹心服務協會,(02)25060676,121.50868,25.05716
610,大同區,老師,敦煌路205號旁邊的電箱旁,台北市彩虹心服務協會,(02)25060676,121.5097347,25.0769768
616,中正區,河堤,金門街26號旁,台北市史懷哲慈善會,(02)25429529,121.5229668,25.0215092
617,松山區,新聚,南京東路5段286號旁,台北市史懷哲慈善會,(02)25429529,121.5672382,25.0512375
618,松山區,新聚,八德路4段335號旁,台北市史懷哲慈善會,(02)25429529,121.5673864,25.0493015
619,松山區,東勢,南京東路4段77號旁,台北市史懷哲慈善會,(02)25429529,121.5537145,25.0518553
620,松山區,富泰,延壽街101號前,台北市史懷哲慈善會,(02)25429529,121.566007,25.0571903
621,松山區,鵬程,延壽街72巷8-3號對面,台北市史懷哲慈善會,(02)25429529,121.5655173,25.05578756
622,大同區,至聖,承德路3段247巷口,台北市史懷哲慈善會,(02)25429529,121.5187992,25.07117957
623,松山區,復建,八德路3段194號旁,台北市史懷哲慈善會,(02)25429529,121.5562475,25.04783581
624,文山區,興福,景興路67巷8號對面,台北市史懷哲慈善會,(02)25429529,121.5453418,24.99634127
625,內湖區,安泰,安泰街125巷口對面山壁邊,台北市史懷哲慈善會,(02)25429529,121.616243,25.0768464
626,中山區,劍潭,通北街143號公布欄旁,台北市史懷哲慈善會,(02)25429529,121.5378415,25.08515117
627,中山區,劍潭,通北街124巷,台北市史懷哲慈善會,(02)25429529,121.537675,25.08356112
628,中正區,東門,丹陽街16號前變電箱旁,台北市史懷哲慈善會,(02)25429529,121.5244556,25.03928033
629,內湖區,安泰,安泰街68巷7號旁,台北市史懷哲慈善會,(02)25429529,121.6163014,25.07560866
630,內湖區,安泰,安泰街51巷口,台北市史懷哲慈善會,(02)25429529,121.6172507,25.07418956
646,南港區,新富,研究院路1段65巷12號正前方小公園角落,臺北市私立育成裕民發展中心,(02)27068686,121.6170571,25.0527313
647,北投區,智仁,中和街525巷口公告欄旁,臺北市私立育成裕民發展中心,(02)27068686,121.4935674,25.1449043
648,北投區,文化,文化3路101號後側欄杆旁,臺北市私立育成裕民發展中心,(02)27068686,121.4989677,25.1404884
649,北投區,振華,榮華3路與懷德街口,臺北市私立育成裕民發展中心,(02)27068686,121.5198448,25.1142362
650,大安區,敦煌,安和路1段127巷14號旁,臺北市私立育成裕民發展中心,(02)27068686,121.5532873,25.0345287
651,大安區,法治,樂利路11巷32號通化街交會處,臺北市私立育成裕民發展中心,(02)27068686,121.5524581,25.0282723
652,大安區,建倫,安和路1段49巷9號旁邊,臺北市私立育成裕民發展中心,(02)27068686,121.5515993,25.0385566
653,大安區,臥龍,辛亥路3段55號(大安運動中心前),臺北市私立育成裕民發展中心,(02)27068686,121.54566,25.02101
654,松山區,福成,敦化南路1段100巷9號對面,臺北市私立育成裕民發展中心,(02)27068686,121.5481575,25.0461643
655,大安區,黎元,臥龍街188巷42-3號對面臥龍公園角落旁,臺北市私立育成裕民發展中心,(02)27068686,121.5505246,25.0164726
656,北投區,立賢,承德路7段280巷6弄7號對面,臺北市私立育成裕民發展中心,(02)27068686,121.5063954,25.1160225
657,大安區,虎嘯,敦化南路2段172巷8弄5號,臺北市私立育成裕民發展中心,(02)27068686,121.54795,25.02388
658,北投區,立賢,吉利街58巷2號對面,臺北市私立育成裕民發展中心,(02)27068686,121.5049317,25.1181241
659,大安區,黎元,臥龍街199號里公告欄旁,臺北市私立育成裕民發展中心,(02)27068686,121.5509903,25.023667
660,文山區,試院,和興街44巷口,臺北市私立育成裕民發展中心,(02)27068686,121.5472593,24.9849761
661,文山區,萬有,羅斯福路6段159巷9號3福街交叉口,臺北市私立育成裕民發展中心,(02)27068686,121.5417948,24.9975095
662,文山區,順興,忠順街2段22號超市旁,臺北市私立育成裕民發展中心,(02)27068686,121.5631899,24.9845849
663,文山區,萬隆,景福街54巷5弄2號旁,臺北市私立育成裕民發展中心,(02)27068686,121.5381326,24.9996702
664,士林區,芝山,陽明山仰德大道1段91巷旁,臺北市私立育成裕民發展中心,(02)27068686,121.549533,25.035417
665,大安區,臥龍,臥龍街62號對面,臺北市私立育成裕民發展中心,(02)27068686,121.5476449,25.0214904
667,中正區,龍光,泉州街39號對面,臺北市私立育成裕民發展中心,(02)27068686,121.5145524,25.0290388
668,中正區,幸福,齊東街66號前(齊東公園外圍電箱旁),臺北市私立育成裕民發展中心,(02)27068686,121.5280237,25.0418913
669,松山區,新東,民生東路5段260巷25號對面,臺北市私立育成裕民發展中心,(02)27068686,121.5672339,25.057665
670,北投區,榮華,明德路188巷口電機箱旁,臺北市私立育成裕民發展中心,(02)27068686,121.5216489,25.1115323
671,大安區,臥龍,復興南路2段389號旁,臺北市私立育成裕民發展中心,(02)27068686,121.5435799,25.02201
672,大安區,全安,安和路2段141號前,臺北市私立育成裕民發展中心,(02)27068686,121.5506688,25.0286952
673,大同區,至聖,承德路3段208巷17號巷口路燈下,臺北市私立育成裕民發展中心,(02)27068686,121.5174381,25.0705895
674,萬華區,壽德,長泰街2號,臺北市私立育成裕民發展中心,(02)27068686,121.50142,25.02336
675,士林區,翠山,中社路1段61巷公車站旁,臺北市私立育成裕民發展中心,(02)27068686,121.56068,25.10815
676,大同區,玉泉,南京西路293巷旁,台北市中風之友康復協會,(02)27644061,121.508,25.0534
677,中正區,林興,牯嶺街60巷口旁人行道,台北市中風之友康復協會,(02)27644061,121.5179,25.0278
679,大安區,義安,仁愛路4段48巷與大安路1段175巷口,台北市中風之友康復協會,(02)27644061,121.426,25.0294
680,中正區,南福,南昌路2段1巷口,台北市中風之友康復協會,(02)27644061,121.488,25.0293
681,中正區,南福,南昌路2段42巷口,台北市中風之友康復協會,(02)27644061,121.488,25.0292
682,中正區,龍興,汀州路1段與三元街口,台北市中風之友康復協會,(02)27644061,121.506,25.0291
683,信義區,永吉,永吉路491巷9弄32號對面,台北市中風之友康復協會,(02)27644061,121.576,25.0465
684,信義區,永吉,中坡北路與松山路119巷口,台北市中風之友康復協會,(02)27644061,121.566,25.0464
685,大安區,龍坡,?州街18-3號對面,台北市中風之友康復協會,(02)27644061,121.522,25.023
686,文山區,順興,興隆路4段57巷口,台北市中風之友康復協會,(02)27644061,121.557,24.9896
687,文山區,明興,木柵路2段109巷25弄口,台北市中風之友康復協會,(02)27644061,121.544,24.9873
688,文山區,樟林,光輝路132號對面巷口,台北市中風之友康復協會,(02)27644061,121.552,24.9873
689,文山區,興得,興隆路3段與興德路口,台北市中風之友康復協會,(02)27644061,121.551,24.9982
690,文山區,景行,景中街與景後街口,台北市中風之友康復協會,(02)27644061,121.375,25.055
691,中山區,朱園,遼寧街右轉龍江路155巷口路燈桿與機車停車格間,台北市中風之友康復協會,(02)27644061,121.499,25.0547
692,大安區,通化,文昌街210巷8號旁,台北市中風之友康復協會,(02)27644061,121.499,25.05465
693,中山區,中山,長春路258巷2弄口,台北市中風之友康復協會,(02)27644061,121.537,25.0545
694,中正區,幸市,臨沂街8巷口,台北市中風之友康復協會,(02)27644061,121.524,25.0399
695,中正區,幸市,濟南路2段與臨沂街口,台北市中風之友康復協會,(02)27644061,121.5213,25.0406
696,中正區,幸市,濟南路2段與忠東路2段134巷口,台北市中風之友康復協會,(02)27644061,121.527,25.0391
697,中正區,幸市,濟南路2段62巷與120巷口,台北市中風之友康復協會,(02)27644061,121.527,25.03917
698,中正區,幸市,仁愛路2段65巷與臨沂街45巷,台北市中風之友康復協會,(02)27644061,121.527,25.0391
699,中山區,復華,興安街與遼寧街口,台北市中風之友康復協會,(02)27644061,121.539,25.0525
700,大安區,龍泉,和平東路1段188巷口前,台北市中風之友康復協會,(02)27644061,121.527,25.0527
726,內湖區,湖興,民權東路6段47巷10弄口(電箱旁),臺北市惠盲教育學會,(02)25530253,121.5855001,25.0695766
727,士林區,蘭雅,中山北路6段346號對面公園電箱旁,臺北市惠盲教育學會,(02)25530253,121.5239058,25.1115703
728,士林區,天山,中山北路7段14巷19號左邊電信箱旁,臺北市惠盲教育學會,(02)25530253,121.5484866,25.0895785
729,士林區,天山,中山北路7段14巷41號對面兩支電桿中間,臺北市惠盲教育學會,(02)25530253,121.530881,25.1197448
730,士林區,天母,中山北路7段219巷口,臺北市惠盲教育學會,(02)25530253,121.5305459,25.1320806
731,士林區,福華,通河街179巷1號右邊電信箱旁 ,臺北市惠盲教育學會,(02)25530253,121.5174043,25.081648
732,內湖區,西康,內湖路1段225巷,臺北市惠盲教育學會,(02)25530253,121.5626824,25.0829989
733,內湖區,湖興,成功路2段404號左邊電箱旁,臺北市惠盲教育學會,(02)25530253,121.5877617,25.0707111
734,士林區,社園,延平北路6段156號對面,臺北市惠盲教育學會,(02)25530253,121.5045364,25.0896305
735,中正區,永昌,中華路2段409巷口,臺北市惠盲教育學會,(02)25530253,121.5064688,25.0262632
736,中正區,忠勤,南海路140號對面,臺北市惠盲教育學會,(02)25530253,121.5052323,25.0268959
737,中正區,螢圃,牯嶺街84巷口,臺北市惠盲教育學會,(02)25530253,121.5164088,25.0261319
738,中正區,網溪,牯嶺街141號對面電箱旁,臺北市惠盲教育學會,(02)25530253,121.5169835,25.0229834
739,文山區,興邦,興隆路2段153巷6弄1號對面電桿旁,臺北市惠盲教育學會,(02)25530253,121.5503243,25.0012157
740,文山區,興邦,興隆路2段215-2號牆邊,臺北市惠盲教育學會,(02)25530253,121.5478973,25.0011006
741,中正區,網溪,同安街86巷1-1號旁,臺北市惠盲教育學會,(02)25530253,121.5179289,25.0219991
742,中正區,網溪,廈門街154號旁,臺北市惠盲教育學會,(02)25530253,121.5151469,25.0221039
743,士林區,福華,承德路4段28號旁(郵筒旁),臺北市惠盲教育學會,(02)25530253,121.5198049,25.0804234
744,士林區,福華,通河街325巷與通河東街1段交叉口(電箱旁),臺北市惠盲教育學會,(02)25530253,121.5156347,25.0812787
745,士林區,福華,和豐街口與通河東街1段(電線桿旁),臺北市惠盲教育學會,(02)25530253,121.5160166,25.0846167
746,文山區,萬美,萬美街1段與萬樂街口(萬芳13號公園),臺北市惠盲教育學會,(02)25530253,121.5629257,25.0013364
747,中正區,網溪,同安街78號對面,臺北市惠盲教育學會,(02)25530253,121.5189247,25.0235658
748,萬華區,雙園,興寧街70號旁（天主教聖女小德蘭朝聖地旁）,臺北市惠盲教育學會,(02)25530253,121.4996221,25.03216025
751,萬華區,福星,開封街2段36號對面樹下,台北市失能者服務協會,(02)25429529,121.5077989,25.04644922
752,萬華區,福星,漢口街2段83巷口,台北市失能者服務協會,(02)25429529,121.5050461,25.04664705
753,萬華區,菜園,長沙街2段與西園路1段變電箱下,台北市失能者服務協會,(02)25429529,121.5000854,25.04130479
754,中正區,螢圃,和平西路1段96號前,台北市失能者服務協會,(02)25429529,121.5181996,25.02673626
755,士林區,福中,福港街152號後,台北市失能者服務協會,(02)25429529,121.5178276,25.08762537
756,中正區,頂東,晉江街46之4號對面,台北市失能者服務協會,(02)25429529,121.5230852,25.02449355
757,松山區,新聚,寶清街21號電箱旁,台北市失能者服務協會,(02)25429529,121.5689416,25.0503301
758,北投區,大同,大興街9巷對面,台北市失能者服務協會,(02)25429529,121.4973085,25.13114966
759,北投區,永明,立農街2段294號對面,台北市失能者服務協會,(02)25429529,121.5164954,25.11883801
760,北投區,中心,珠海路2號旁,台北市失能者服務協會,(02)25429529,121.5017447,25.13777574
761,北投區,中和,中和街370巷口,台北市失能者服務協會,(02)25429529,121.4989512,25.14239089
762,北投區,中和,中和街441巷口,台北市失能者服務協會,(02)25429529,121.4973248,25.14389113
763,北投區,清江,崇仁路1段17巷口,台北市失能者服務協會,(02)25429529,121.5013015,25.12788196
764,北投區,永欣,石牌路2段324巷口,台北市失能者服務協會,(02)25429529,121.5228618,25.12266776
765,北投區,振華,明德路309號對面,台北市失能者服務協會,(02)25429529,121.5207215,25.11543087
766,北投區,文林,致遠一路1段21號,台北市失能者服務協會,(02)25429529,121.5176342,25.10771059
767,北投區,東華,立農街2段257號旁,台北市失能者服務協會,(02)25429529,121.5144944,25.11913877
768,士林區,葫蘆,延平北路5段257巷4弄口綠地旁,台北市失能者服務協會,(02)25429529,121.5089264,25.08495081
769,士林區,社園,永平街20巷11弄3號對面電桿旁,台北市失能者服務協會,(02)25429529,121.5057331,25.09052124
770,北投區,吉利,石牌路1段39巷88號(人行道),台北市失能者服務協會,(02)25429529,121.509713,25.11620033
771,信義區,三犁,信義路5段150巷310號東大排水溝旁,台北市失能者服務協會,(02)25429529,121.5695218,25.02725336
772,士林區,社新,延平北路6段115巷口,台北市失能者服務協會,(02)25429529,121.5081752,25.08893979
773,士林區,社新,社子街22巷65弄2號斜對面,台北市失能者服務協會,(02)25429529,121.505895,25.08705869
774,中正區,南門,延平南路169號對面和平醫院旁,台北市失能者服務協會,(02)25429529,121.5075456,25.03511945
775,士林區,社新,社子街25巷口,台北市失能者服務協會,(02)25429529,121.5080139,25.08783938
776,文山區,木新,木新路2段52號對面邊,臺北市愛盲協會,(02)26886212,121.57078,24.98617
777,文山區,興安,仙岩路16巷41弄口對面仙岩公園旁,臺北市愛盲協會,(02)26886212,121.54972,24.99763
778,文山區,興得,興隆路3段298巷與304巷交叉口,臺北市愛盲協會,(02)26886212,121.55861,24.99356
779,文山區,興旺,福興路78巷1弄底,臺北市愛盲協會,(02)26886212,121.55079,25.00561
780,文山區,興旺,興隆路2段275巷1弄口,臺北市愛盲協會,(02)26886212,121.55287,25.00249
781,文山區,萬祥,興隆路1段70巷口兩桿間,臺北市愛盲協會,(02)26886212,121.54063,25.00379
782,文山區,萬有,興隆路1段202巷公園旁,臺北市愛盲協會,(02)26886212,121.54334,25.00031
783,文山區,景華,羅斯福路6段279巷6號2桿間,臺北市愛盲協會,(02)26886212,121.54165,24.99488
784,大安區,法治,通化街184巷3號對面,臺北市愛盲協會,(02)26886212,121.55311,25.02704
785,大安區,法治,通化街200巷口變電箱旁,臺北市愛盲協會,(02)26886212,121.55247,25.02606
786,大安區,義安,安和路2段8號旁文昌街口,臺北市愛盲協會,(02)26886212,121.55228,25.03261
787,大安區,光明,杭州南路2段25巷15號對面,臺北市愛盲協會,(02)26886212,121.52443,25.03338
788,大安區,全安,安和路2段217巷口電氣設備旁,臺北市愛盲協會,(02)26886212,121.55024,25.02571
789,大安區,龍門,新生南路3段25巷口樹桿邊,臺北市愛盲協會,(02)26886212,121.53494,25.02448
790,大安區,龍淵,辛亥路2段155號旁,臺北市愛盲協會,(02)26886212,121.54041,25.02166
791,北投區,榮華,榮華里榮華一路與榮華三路兩電桿間,臺北市愛盲協會,(02)26886212,121.52454,25.11371
792,中正區,三愛,臨沂街61巷18之2號對面,臺北市愛盲協會,(02)26886212,121.53029,25.03661
793,中正區,三愛,新生南路1段160巷16號旁,臺北市愛盲協會,(02)26886212,121.53111,25.03458
794,中正區,三愛,臨沂街65巷11號邊,臺北市愛盲協會,(02)26886212,121.52983,25.03569
795,文山區,樟新,樟新街8巷底2桿間,臺北市愛盲協會,(02)26886212,121.55388,24.97959
796,文山區,樟腳,木新路3段243巷3弄7號斜對面,臺北市愛盲協會,(02)26886212,121.55937,24.98062
797,文山區,指南,指南路3段2巷入口橋邊,臺北市愛盲協會,(02)26886212,121.57951,24.98529
801,松山區,三民,三民路96巷口(電話亭旁),台北市身心障礙運動協會,(02)25912695,121.5648132,25.05730133
802,大同區,斯文,昌吉街33巷口,台北市身心障礙運動協會,(02)25912695,121.5168804,25.066065
803,大同區,揚雅,昌吉街61巷口,台北市身心障礙運動協會,(02)25912695,121.514811,25.06599975
804,大安區,建安,敦化南路1段187巷29號對面圍牆旁,台北市身心障礙運動協會,(02)25912695,121.5507325,25.04255816
805,大安區,新龍,建國南路2段151巷24號對面,台北市身心障礙運動協會,(02)25912695,121.5388692,25.02883605
806,大安區,龍泉,師大路39巷口右側5公尺旁,台北市身心障礙運動協會,(02)25912695,121.528611,25.02475002
807,中山區,興亞,長安東路2段35巷7號對面(長安國中側門旁),台北市身心障礙運動協會,(02)25912695,121.5314627,25.04903898
808,大安區,龍陣,瑞安街75號斜前方(電信設備旁),台北市身心障礙運動協會,(02)25912695,121.541037,25.02834106
809,士林區,大直,大直街62巷5弄口(大直街62巷5號旁),台北市身心障礙運動協會,(02)25912695,121.545,25.08305556
810,內湖區,五分,五分街14號對面人行道電話箱旁,台北市身心障礙運動協會,(02)25912695,121.6137628,25.06751133
811,內湖區,金湖,金湖路363巷15號對面電桿旁,台北市身心障礙運動協會,(02)25912695,121.6021173,25.07332793
812,內湖區,金湖,成功路5段420巷15到17號斜對面Ubike旁,台北市身心障礙運動協會,(02)25912695,121.6085368,25.07515805
813,內湖區,金湖,金湖路363巷與民權東路6段191巷交口,台北市身心障礙運動協會,(02)25912695,121.5995458,25.07298547
814,內湖區,東湖,東湖路119巷49弄44號對面樹旁,台北市身心障礙運動協會,(02)25912695,121.6160767,25.07014027
815,內湖區,東湖,康樂街110巷16弄26號對面廟旁(東湖4號公園),台北市身心障礙運動協會,(02)25912695,121.6181632,25.07025734
816,內湖區,康寧,康寧路3段99巷60號變電箱旁,台北市身心障礙運動協會,(02)25912695,121.6111964,25.07381597
817,信義區,敦厚,永吉路120巷22弄與松隆路100號交接口,台北市身心障礙運動協會,(02)25912695,121.5696928,25.0449497
818,大安區,通化,光復南路628巷與文昌街280巷交叉口路燈邊,台北市身心障礙運動協會,(02)25912695,121.5565928,25.03169745
819,中山區,成功,敬業三路177巷口電箱旁,台北市身心障礙運動協會,(02)25912695,121.5562285,25.07867344
820,文山區,萬興,新光路1段31巷口,台北市身心障礙運動協會,(02)25912695,121.5737971,24.98937551
826,信義區,三張,松仁路204號旁,臺北市身心障礙者創業輔導發展協會,(02)27775940,121.56822,25.02734
827,信義區,三張,莊敬路468號旁,臺北市身心障礙者創業輔導發展協會,(02)27775940,121.56788,25.02677
828,大安區,芳和,嘉興街363巷17號前公園,臺北市身心障礙者創業輔導發展協會,(02)27775940,121.55263,25.02158
829,中山區,下埤,復興北路488巷31號對面,臺北市身心障礙者創業輔導發展協會,(02)27775940,121.54271,25.06547
830,大安區,華聲,市民大道4段200號旁,臺北市身心障礙者創業輔導發展協會,(02)27775940,121.55567,25.04456
831,大安區,華聲,光復南路180巷13號對面,臺北市身心障礙者創業輔導發展協會,(02)27775940,121.55686,25.04215
832,中山區,正守,長安東路1段56巷公園電信箱旁,臺北市身心障礙者創業輔導發展協會,(02)27775940,121.55683,25.04216
833,信義區,黎忠,和平東路3段391巷8弄2號對面燈桿旁,臺北市身心障礙者創業輔導發展協會,(02)27775940,121.55778,25.02029
834,中山區,朱園,松江路77巷過伊通街口處,臺北市身心障礙者創業輔導發展協會,(02)27775940,121.53493,25.04981
835,士林區,福志,福林路249號前,臺北市身心障礙者創業輔導發展協會,(02)27775940,121.53489,25.09856
836,大安區,新龍,建國南路2段79巷35號電桿旁,臺北市身心障礙者創業輔導發展協會,(02)27775940,121.53951,25.03115
837,北投區,中庸,永興路1段32巷3弄口,臺北市身心障礙者創業輔導發展協會,(02)27775940,121.500153,25.138499
838,北投區,中庸,雙全街與大業路口中庸2號公園前,臺北市身心障礙者創業輔導發展協會,(02)27775940,121.50111,25.13742
839,松山區,民福,民族東路679號對面公園,臺北市身心障礙者創業輔導發展協會,(02)27775940,121.54784,25.06404
840,大安區,虎嘯,樂業街17號對面公佈欄,臺北市身心障礙者創業輔導發展協會,(02)27775940,121.55006,25.02403
841,大安區,臥龍,臥龍街15號對面電箱,臺北市身心障礙者創業輔導發展協會,(02)27775940,121.54685,25.02433
842,士林區,舊佳,前街與美德街口,臺北市身心障礙者創業輔導發展協會,(02)27775940,121.52455,25.09752
843,大安區,黎元,辛亥路3段157巷32號對面樹旁,臺北市身心障礙者創業輔導發展協會,(02)27775940,121.55077,25.01817
844,大安區,光信,光復南路456巷29號對面,臺北市身心障礙者創業輔導發展協會,(02)27775940,121.55621,25.03523
845,大安區,敦安,敦化南路1段295巷與信義路4段199巷口,臺北市身心障礙者創業輔導發展協會,(02)27775940,121.55161,25.03548
846,大安區,民炤,信義路3段31巷9之2號對面電箱旁,臺北市身心障礙者創業輔導發展協會,(02)27775940,121.53471,25.03499
847,中山區,朱園,渭水路2-1號對面電箱旁,臺北市身心障礙者創業輔導發展協會,(02)27775940,121.53371,25.04581
848,大安區,敦安,仁愛路4段112巷3弄口對面,臺北市身心障礙者創業輔導發展協會,(02)27775940,121.54967,25.03712
849,大安區,華聲,延吉街131巷41號對面,臺北市身心障礙者創業輔導發展協會,(02)27775940,121.55584,25.04284
850,大安區,仁慈,復興南路1段253巷15號旁,臺北市身心障礙者創業輔導發展協會,(02)27775940,121.54423,25.03697
851,北投區,永欣,石牌路2段346號旁(電桿旁),台北市視障者重建發展協會,0937-862-107,121.52488,25.12299
852,大安區,新龍,和平東路2段107巷30弄10號對面,台北市視障者重建發展協會,0937-862-107,121.540144,25.027498
853,北投區,振華?,明德路337巷1號對面(電氣設備旁),台北市視障者重建發展協會,0937-862-107,121.520446,25.116914
854,南港區,西新,成功路1段39號斜前方 (電氣設備旁),台北市視障者重建發展協會,0937-862-107,121.592925,25.055961
855,北投區,永欣,行義路7號對面(花臺旁),台北市視障者重建發展協會,0937-862-107,121.526027,25.124145
856,北投區,永和,行義路42號對面(電氣設備旁),台北市視障者重建發展協會,0937-862-107,121.52714,25.12549
857,北投區,永和?,行義路154巷口(圍牆邊),台北市視障者重建發展協會,0937-862-107,121.528108,25.130614
858,中山區,集英,中山北路2段116巷17號旁,台北市視障者重建發展協會,0937-862-107,121.521858,25.061013
859,松山區,三民,民生東路5段137巷口(燈桿旁),台北市視障者重建發展協會,0937-862-107,121.561573,25.058876
860,中山區,江寧,龍江路298巷底與合江街交叉口(路燈下方),台北市視障者重建發展協會,0937-862-107,121.539298,25.061778
861,松山區,中華,敦化北路145巷71號對面(電氣設備旁),台北市視障者重建發展協會,0937-862-107,121.552207,25.053556
862,北投區,榮光,致遠一路2段70巷3號旁,台北市視障者重建發展協會,0937-862-107,121.514003,25.112405
863,北投區,榮光,石牌路1段166巷120號旁(燈桿旁),台北市視障者重建發展協會,0937-862-107,121.515543,25.111714
864,北投區,榮光,致遠一路2段86巷口,台北市視障者重建發展協會,0937-862-107,121.513229,25.112742
865,松山區,東榮,富錦街427號對面(電氣設備旁),台北市視障者重建發展協會,0937-862-107,121.56126,25.060737
866,中山區,集英,民生西路3巷9號旁(圍牆邊),台北市視障者重建發展協會,0937-862-107,121.521851,25.059794
867,北投區,溫泉,溫泉路110-1號對面(燈桿旁),台北市視障者重建發展協會,0937-862-107,121.511059,25.136297
868,北投區,八仙,立農街1段187巷口,台北市視障者重建發展協會,0937-862-107,121.503755,25.120046
869,北投區,清江,崇仁路1段88號對面(電信設備旁),台北市視障者重建發展協會,0937-862-107,121.50177,25.12568
870,北投區,中央,大業路300巷33-1號旁(籃球場邊),台北市視障者重建發展協會,0937-862-107,121.499589,25.128751
871,北投區,溫泉,溫泉路60號對面(圍牆邊),台北市視障者重建發展協會,0937-862-107,121.503968,25.134344
872,北投區,智仁?,中和街455巷橋頭,台北市視障者重建發展協會,0937-862-107,121.496063,25.14323
873,中山區,金泰,樂群2路147號斜前方(行道樹旁),台北市視障者重建發展協會,0937-862-107,121.557236,25.080048
874,中山區,大直,大直街20巷34號對面,台北市視障者重建發展協會,0937-862-107,121.545162,25.081342
875,中山區,集英,撫順街12號對面,台北市視障者重建發展協會,0937-862-107,121.520857,25.063668
876,松山區,吉祥,光復北路85巷25號對面,臺北市障礙者發展協會,(02)25429529,121.5594201,25.050901
877,萬華區,富福,西園路1段278號旁（寺前公園電信箱旁）,臺北市障礙者發展協會,(02)25429529,121.4993321,25.034073
878,萬華區,糖篰,大理街130巷口,臺北市障礙者發展協會,(02)25429529,121.4968116,25.033797
879,萬華區,糖篰,環河南路2段125巷口（電信箱旁）,臺北市障礙者發展協會,(02)25429529,121.4937961,25.03441746
880,萬華區,糖篰,西園路1段226號佈告欄路燈旁,臺北市障礙者發展協會,(02)25429529,121.4990779,25.03542765
881,大同區,蓬萊,承德路3段24巷16號對面人行道樹旁,臺北市障礙者發展協會,(02)25429529,121.5174622,25.06439175
882,大同區,蓬萊,大龍街27號旁（變電箱旁）,臺北市障礙者發展協會,(02)25429529,121.5160557,25.06397866
883,大同區,民權,錦西街50號對面,臺北市障礙者發展協會,(02)25429529,121.520008,25.06047834
884,士林區,永倫,社中街346巷3弄27號旁,臺北市障礙者發展協會,(02)25429529,121.5036819,25.09311535
885,大同區,玉泉,塔城街24巷1號旁,臺北市障礙者發展協會,(02)25429529,121.510198,25.05107235
886,萬華區,福星,西寧南路與洛陽街口,臺北市障礙者發展協會,(02)25429529,121.5072849,25.04766956
887,大同區,玉泉,長安西路342-1號交通號誌旁,臺北市障礙者發展協會,(02)25429529,121.5101645,25.05214741
888,大同區,斯文,大龍街91巷7號對面路燈旁,臺北市障礙者發展協會,(02)25429529,121.5164797,25.06761509
889,大同區,民權,民權西路102巷4弄口,臺北市障礙者發展協會,(02)25429529,121.5167039,25.06174497
890,大同區,民權,涼州街與寧夏路口（變電箱旁）,臺北市障礙者發展協會,(02)25429529,121.5143196,25.06106084
891,萬華區,頂碩,莒光路210號前（變電箱旁）,臺北市障礙者發展協會,(02)25429529,121.5025162,25.03144708
892,松山區,吉祥,南京東路5段66巷與光復北路11巷交叉口,臺北市障礙者發展協會,(02)25429529,121.5607866,25.05040846
893,松山區,吉祥,光復南路11巷與吉祥路交叉口,臺北市障礙者發展協會,(02)25429529,121.557571,25.05064907
894,松山區,復盛,八德路4段106巷2弄2號對面,臺北市障礙者發展協會,(02)25429529,121.5609561,25.04812328
895,松山區,介壽,光復北路165巷口(85度C對面),臺北市障礙者發展協會,(02)25429529,121.5609561,25.04812328
896,松山區,介壽,延壽街406號對面,臺北市障礙者發展協會,(02)25429529,121.5570211,25.0562084
897,松山區,東光,南京東路5段23巷1號旁,臺北市障礙者發展協會,(02)25429529,121.5579743,25.05202073
898,文山區,興福,景興路97巷旁,臺北市障礙者發展協會,(02)25429529,121.5452835,24.99543739
899,松山區,東光,南京東路5段23巷6弄29號對面,臺北市障礙者發展協會,(02)25429529,121.5590612,25.0521873
900,松山區,復勢,光復北路100巷33號旁,臺北市障礙者發展協會,(02)25429529,121.5565171,25.0506378
901,大同區,重慶,敦煌路74巷口,台北市視障者福利發展協會,(02)25912695,121.5179926,25.07565072
902,中正區,螢圃,廈門街61號旁,台北市視障者福利發展協會,(02)25912695,121.5175539,25.02544188
903,萬華區,頂碩,莒光路153巷口(人行道上),台北市視障者福利發展協會,(02)25912695,121.5029434,25.0305993
904,萬華區,雙園,莒光路299巷口(電器設備旁),台北市視障者福利發展協會,(02)25912695,121.499195,25.0304387
905,萬華區,雙園,莒光路與萬大路口,台北市視障者福利發展協會,(02)25912695,121.5006661,25.03135069
906,松山區,新聚,八德路4段245巷37號對面,台北市視障者福利發展協會,(02)25912695,121.5643948,25.05092787
907,信義區,國業,虎林街247號對面,台北市視障者福利發展協會,(02)25912695,121.5774431,25.03729086
908,大安區,龍門,新生南路3段19巷32號與34號中間,台北市視障者福利發展協會,(02)25912695,121.5360759,25.02514331
909,大安區,學府,羅斯福路4段119巷20號對面,台北市視障者福利發展協會,(02)25912695,121.5379151,25.01079057
910,南港區,鴻福,玉成街201巷與成福路交叉口電桿旁,台北市視障者福利發展協會,(02)25912695,121.5862961,25.04511365
911,中山區,恆安,雙城街10巷6號,台北市視障者福利發展協會,(02)25912695,121.5241938,25.06413099
912,南港區,南港,興中路與重陽路交叉口,台北市視障者福利發展協會,(02)25912695,121.6067527,25.0577372
913,中山區,中庄,松江路252巷5號斜對面（圍牆邊）,台北市視障者福利發展協會,(02)25912695,121.5323588,25.05937287
914,大同區,重慶,哈密街59巷29號對面,台北市視障者福利發展協會,(02)25912695,121.5158941,25.07519244
915,信義區,安康,忠孝東路5段236巷37弄對面公園變電箱邊人行道,台北市視障者福利發展協會,(02)25912695,121.5740363,25.0378628
916,大同區,斯文,承德路3段143巷21號對面(電氣設備旁),台北市視障者福利發展協會,(02)25912695,121.5195894,25.0679664
917,中山區,成功,北安路670巷14號旁（公布欄邊）,台北市視障者福利發展協會,(02)25912695,121.5498695,25.08418234
918,大安區,龍淵,和平東路2段76巷23弄1號對面（電器設備與路燈中間）,台北市視障者福利發展協會,(02)25912695,121.5392689,25.02294689
919,大安區,龍門,建國南路2段296號旁人行道,台北市視障者福利發展協會,(02)25912695,121.5371607,25.02453803
920,文山區,萬興,秀明路2段15號對面變電箱旁,台北市視障者福利發展協會,(02)25912695,121.5752676,24.9924339
921,文山區,萬興,秀明路2段114號前,台北市視障者福利發展協會,(02)25912695,121.576822,24.99047676
926,士林區,福中,前港街110巷對面電箱旁,台北市啟明權益促進會,(02)28978300,121.5162085,25.0850221
927,士林區,福中,通河東街1段105巷口迴轉道旁(106號斜對面),台北市啟明權益促進會,(02)28978300,121.514295,25.0852018
928,士林區,福中,通河東街1段168號對面迴轉道旁,台北市啟明權益促進會,(02)28978300,121.5135834,25.0880587
929,大安區,龍淵,和平東路2段96巷12之3號對面,台北市啟明權益促進會,(02)28978300,121.5386092,25.0229611
930,大安區,民妱,仁愛路3段24巷3號對面,台北市啟明權益促進會,(02)28978300,121.5335294,25.036223
931,大安區,和安,建國南路1段307巷口,台北市啟明權益促進會,(02)28978300,121.5206678,25.0397262
932,中正區,文祥,金山南路1段79巷與臨沂街63巷口,台北市啟明權益促進會,(02)28978300,121.5230405,25.033113
933,中正區,三愛,信義路2段243巷電箱邊,台北市啟明權益促進會,(02)28978300,121.5099082,25.0331605
934,內湖區,紫雲,康寧路1段195巷口,台北市啟明權益促進會,(02)28978300,121.5940007,25.0730577
935,內湖區,紫陽,陽光街68巷102弄2號對面,台北市啟明權益促進會,(02)28978300,121.5817781,25.0758803
936,內湖區,東湖,東湖路121號119巷口,台北市啟明權益促進會,(02)28978300,121.6142274,25.0683056
937,內湖區,湖濱,內湖路2段263巷4號右側,台北市啟明權益促進會,(02)28978300,121.5878676,25.0825765
938,內湖區,南湖,民權東路6段280巷與康寧路3段56巷交叉口,台北市啟明權益促進會,(02)28978300,121.6070282,25.0689655
939,內湖區,碧山,內湖路3段173巷口電桿旁(175號旁),台北市啟明權益促進會,(02)28978300,121.5872,25.0875469
940,內湖區,碧山,內湖路3段191巷18號旁公佈欄邊,台北市啟明權益促進會,(02)28978300,121.5863782,25.0878257
941,內湖區,秀湖,成功路4段324巷電桿邊,台北市啟明權益促進會,(02)28978300,121.5965409,25.0857395
942,內湖區,清白,金湖路31號旁公佈欄旁,台北市啟明權益促進會,(02)28978300,121.5899748,25.0857636
943,內湖區,樂康,康樂街110巷電箱旁,台北市啟明權益促進會,(02)28978300,121.600082,25.0739915
944,北投區,榮華,明德路118巷口,台北市啟明權益促進會,(02)28978300,121.5119847,25.1097059
946,信義區,中行,福德街308巷對面309巷口人行道,台北市啟明權益促進會,(02)28978300,121.5852436,25.0393735
947,信義區,中行,福德街268巷34之2號電桿下,台北市啟明權益促進會,(02)28978300,121.5836217,25.039474
948,南港區,南港,興中路20號對面,台北市啟明權益促進會,(02)28978300,121.6050001,25.0551785
949,南港區,南港,南港路1段137巷口,台北市啟明權益促進會,(02)28978300,121.6117279,25.0547919
950,南港區,三重,重陽路與園區街大樹旁,台北市啟明權益促進會,(02)28978300,121.5966326,25.0592783
951,士林區,天山,中山北路7段154巷3號對面電線桿旁,台北市視障多元就業促進會,(02)25991234 ,121.5306815,25.1241304
952,大同區,蓬萊,蘭州街89巷1弄蘭州公園電線桿旁,台北市視障多元就業促進會,(02)25991234 ,121.5131963,25.0640098
953,大同區,揚雅,大龍街94號旁,台北市視障多元就業促進會,(02)25991234 ,211.513734,25.0665618
954,士林區,忠誠,德行東路104巷9弄11號前電桿旁,台北市視障多元就業促進會,(02)25991234 ,121.5270048,25.1069301
955,南港區,三重,重陽路504巷1弄1號旁,台北市視障多元就業促進會,(02)25991234 ,121.6101239,25.0606126
956,南港區,三重,三重路41巷43號燈桿旁,台北市視障多元就業促進會,(02)25991234 ,121.61192,25.0599106
957,南港區,合成,永吉路605號電箱旁,台北市視障多元就業促進會,(02)25991234 ,121.5801863,25.0455439
958,南港區,合成,玉成街69號(人行道前),台北市視障多元就業促進會,(02)25991234 ,121.579673,25.0488463
959,南港區,東新,興南街64巷與東明街電桿旁,台北市視障多元就業促進會,(02)25991234 ,121.60199,25.05567
960,南港區,東新,重陽路218-1號斜對面電信箱旁,台北市視障多元就業促進會,(02)25991234 ,121.6010348,25.0575467
961,南港區,南港,惠民街7號(對面迴轉鏡旁),台北市視障多元就業促進會,(02)25991234 ,121.6081923,25.055725
962,南港區,新光,忠孝東路6段370巷1號(對面人行道上),台北市視障多元就業促進會,(02)25991234 ,121.5896353,25.0495918
963,松山區,中華,南京東路4段53巷5弄口,台北市視障多元就業促進會,(02)25991234 ,121.5467569,25.0528277
964,松山區,復源,八德路3段156號旁電箱左側,台北市視障多元就業促進會,(02)25991234 ,121.55506,25.04796
965,南港區,合成,永吉路553巷與中坡北路40巷交叉口燈桿旁,台北市視障多元就業促進會,(02)25991234 ,121.58154,25.04592
968,大同區,至聖,承德路3段179號旁,台北市視障多元就業促進會,(02)25991234 ,121.51871,25.06917
969,中山區,行政,建國北路3段22巷(民權東路2段135巷口),台北市視障多元就業促進會,(02)25991234 ,121.5314184,25.0624322
970,中山區,行政,農安街166巷口,台北市視障多元就業促進會,(02)25991234 ,121.5314184,25.0624706
971,文山區,景慶,萬慶街22-2號斜對面燈桿旁,台北市視障多元就業促進會,(02)25991234 ,121.5373882,24.9928366
972,大同區,至聖,重慶北路3段189號旁,台北市視障多元就業促進會,(02)25991234 ,121.51398,25.06936
973,文山區,景慶,景福街133巷40號前燈桿,台北市視障多元就業促進會,(02)25991234 ,121.5350147,24.9955037
974,南港區,南港,南港路1段185號對面公佈欄(興南宮後方),台北市視障多元就業促進會,(02)25991234 ,121.61255,25.05519
975,南港區,合成,東明街97巷5號斜對面(里活動中心旁),台北市視障多元就業促進會,(02)25991234 ,121.6011,25.05493
976,大安區,古莊,羅斯福路2段101巷口,台北市艾馨公益慈善會,(02)23360896,121.31285,25.01294
977,士林區,東山,德行東路365巷口,台北市艾馨公益慈善會,(02)23360896,121.538874,25.110658
978,士林區,聖山,忠誠路1段173巷38號旁,台北市艾馨公益慈善會,(02)23360896,121.538938,25.110575
979,信義區,松友,信義路6段76巷2弄22號,台北市艾馨公益慈善會,(02)23360896,121.576027,25.034294
980,信義區,松隆,松山路655號左側路燈下,台北市艾馨公益慈善會,(02)23360896,121.579908,25.035193
981,大安區,黎元,樂業街188號路燈桿旁,台北市艾馨公益慈善會,(02)23360896,121.554294,"25.018760
"
982,士林區,社?,社中街214號電信箱旁,台北市艾馨公益慈善會,(02)23360896,121.508602,25.091121
983,信義區,興雅,忠孝東路5段71巷口(忠孝東路5段31巷18弄),台北市艾馨公益慈善會,(02)23360896,121.567282,25.041589
984,信義區,松友,松德路271號(對面電箱邊),台北市艾馨公益慈善會,(02)23360896,121.574564,"25.032890
"
985,信義區,四育,永吉街321巷28號(斜對面路燈下),台北市艾馨公益慈善會,(02)23360896,121.575499,"25.046553
"
986,信義區,四育,松隆路215巷4弄底圍牆邊,台北市艾馨公益慈善會,(02)23360896,121.576578,25.048676
987,大安區,虎嘯,樂業街41巷14號,台北市艾馨公益慈善會,(02)23360896,121.550363,25.023247
988,信義區,安康,松仁路95巷20號旁(安康公園內),台北市艾馨公益慈善會,(02)23360896,"121.570333
",25.036431
989,信義區,松隆,松山路650巷15弄(永春高中對面圍牆邊),台北市艾馨公益慈善會,(02)23360896,121.579066,"25.032782
"
990,信義區,永春,永吉路468巷48號對面,台北市艾馨公益慈善會,(02)23360896,121.578893,"25.044365
"
991,信義區,大道,忠孝東路5段790巷20弄11號(電線杆邊),台北市艾馨公益慈善會,(02)23360896,121.581595,25.042674
992,中山區,新庄,吉林路456巷(巷口路燈下),台北市艾馨公益慈善會,(02)23360896,121.529506,25.067015
993,中山區,大直,北安路649號旁,台北市艾馨公益慈善會,(02)23360896,121.549134,"25.084118
"
994,大安區,芳和,基隆路2段209巷口電線杆旁,台北市艾馨公益慈善會,(02)23360896,121.551492,"25.023275
"
995,大安區,車層,仁愛路4段345巷15弄2號旁,台北市艾馨公益慈善會,(02)23360896,121.554111,"25.038938
"
996,大安區,古莊,師大路102巷24號旁,台北市艾馨公益慈善會,(02)23360896,121.52755,"25.022075
"
997,大安區,虎嘯,樂業街41巷14號,台北市艾馨公益慈善會,(02)23360896,121.5503434,25.02324855
998,大安區,車層,延吉街72號旁(7-11超商的招牌下),台北市艾馨公益慈善會,(02)23360896,121.554192,"25.042475
"
999,大安區,車層,延吉街62巷6弄2號對面,台北市艾馨公益慈善會,(02)23360896,121.553859,"25.043538
"
1000,大安區,古莊,師大路64號斜對面綠地,台北市艾馨公益慈善會,(02)23360896,121.5283,25.024395
1001,信義區,嘉興,嘉興街181巷9弄13號轉角,台北市身障體育發展協會,0910-111-255,121.5569924,25.02640251
1002,文山區,興福,景興路42巷口,台北市身障體育發展協會,0910-111-255,121.5447,24.99722
1003,文山區,萬和,溪洲街137巷94號右邊電桿旁,台北市身障體育發展協會,0910-111-255,121.5334254,25.0000803
1004,文山區,景慶,景福街123號右邊,台北市身障體育發展協會,0910-111-255,121.5341017,24.9966699
1005,文山區,民本,羅斯福路5段236巷左邊,台北市身障體育發展協會,0910-111-255,121.5275356,24.9966696
1006,文山區,萬隆,羅斯福路5段218巷39號左邊,台北市身障體育發展協會,0910-111-255,121.5369625,25.0020813
1007,文山區,萬和,木新路3段310巷口陸橋旁,台北市身障體育發展協會,0910-111-255,121.5347527,25.0020398
1008,文山區,秀成,汀州路4段209號左前方,台北市身障體育發展協會,0910-111-255,121.5336854,25.0031581
1009,文山區,萬和,景福街54巷口,台北市身障體育發展協會,0910-111-255,121.5358038,24.9995314
1010,文山區,景仁,景福街43號對面,台北市身障體育發展協會,0910-111-255,121.5349744,24.9983915
1011,文山區,華興,木柵路1段294巷中山村巷口,台北市身障體育發展協會,0910-111-255,121.5565942,24.98848008
1012,文山區,景慶,溪口街1巷口,台北市身障體育發展協會,0910-111-255,121.5385446,24.9939893
1013,文山區,景仁,羅斯福路6段142巷20弄2-3號旁(公佈欄旁),台北市身障體育發展協會,0910-111-255,121.5373103,24.9969535
1014,文山區,景仁,羅斯福路6段142巷20弄19號對面(電信箱旁),台北市身障體育發展協會,0910-111-255,121.5373067,24.9973457
1015,文山區,景仁,景福街3巷31號對面(變電箱旁),台北市身障體育發展協會,0910-111-255,121.5376289,24.9982913
1016,文山區,景慶,溪口街66巷7號左邊(電線桿旁),台北市身障體育發展協會,0910-111-255,121.5372662,24.9959515
1017,文山區,景仁,景福街175巷口,台北市身障體育發展協會,0910-111-255,121.5373838,24.9965883
1018,大同區,老師,重慶北路3段312巷18號對面電信箱旁,台北市身障體育發展協會,0910-111-255,121.513023,25.0740948
1019,大同區,老師,延平北路4段294巷口,台北市身障體育發展協會,0910-111-255,121.5076933,25.0776337
1020,士林區,臨溪,至善路2段132號右邊電桿旁,台北市身障體育發展協會,0910-111-255,121.513023,25.0740948
1021,士林區,臨溪,故宮路49號右邊電桿旁,台北市身障體育發展協會,0910-111-255,121.5076933,25.0776337
1022,士林區,振華,天母北路87巷22弄25號對面兩支電桿中間,台北市身障體育發展協會,0910-111-255,121.5218329,25.1139032
1023,士林區,天母,中山北路7段181巷6號對面,台北市身障體育發展協會,0910-111-255,121.5299949,25.1247069
1026,中正區,三愛,臨沂街57巷40號電桿旁,台北市身心障礙者自立更生創業協會,(02)27099961,121.53145,25.03749
1027,中山區,大直,北安路575號旁電桿旁邊,台北市身心障礙者自立更生創業協會,(02)27099961,121.54848,25.08163
1028,中山區,北安,北安路819號之1對面郵筒旁,台北市身心障礙者自立更生創業協會,(02)27099961,121.5562,25.08517
1029,中山區,朱崙,龍江路12-1號旁,台北市身心障礙者自立更生創業協會,(02)27099961,121.54025,25.04802
1030,信義區,黎平,富陽街72巷口,台北市身心障礙者自立更生創業協會,(02)27099961,121.55577,25.0023
1031,大安區,群賢,和平東路2段311巷36號對面電箱旁,台北市身心障礙者自立更生創業協會,(02)27099961,121.54506,25.02599
1032,大安區,群賢,和平東路2段265巷42號前電燈桿旁,台北市身心障礙者自立更生創業協會,(02)27099961,121.54395,25.0273
1033,大安區,誠安,安東街40巷1號對面,台北市身心障礙者自立更生創業協會,(02)27099961,121.54227,25.04445
1034,大安區,誠安,忠孝東路3段251巷2弄1號對面,台北市身心障礙者自立更生創業協會,(02)27099961,121.54161,25.0423
1035,大安區,和安,信義路3段147巷15弄27號邊,台北市身心障礙者自立更生創業協會,(02)27099961,121.54309,25.03538
1036,大安區,黎孝,富陽街180巷與臥龍街272巷（慈仁八村門口）,台北市身心障礙者自立更生創業協會,(02)27099961,121.55693,25.01721
1037,北投區,中央,大興街24巷口,台北市身心障礙者自立更生創業協會,(02)27099961,121.49882,25.12942
1038,信義區,三張,松智路39巷口人行道,台北市身心障礙者自立更生創業協會,(02)27099961,121.56559,25.02987
1039,信義區,中行,福德街251巷口電信箱旁,台北市身心障礙者自立更生創業協會,(02)27099961,121.58902,25.03495
1040,大安區,芳和,樂業街87號右側後,台北市身心障礙者自立更生創業協會,(02)27099961,121.5515792,25.02164064
1041,大安區,光武,復興南路1段107巷8號旁,台北市身心障礙者自立更生創業協會,(02)27099961,121.54473,25.04383
1042,大安區,錦泰,潮州街55巷告示牌旁,台北市身心障礙者自立更生創業協會,(02)27099961,121.5241,25.03025
1043,松山區,安平,健康路與三民路(西松公園電箱旁),台北市身心障礙者自立更生創業協會,(02)27099961,121.56391,25.05475
1044,大安區,黎孝,和平東路3段308巷15弄與31弄公園,台北市身心障礙者自立更生創業協會,(02)27099961,121.57919,25.04592
1045,松山區,民福,民權東路3段191巷29號電線桿旁,台北市身心障礙者自立更生創業協會,(02)27099961,121.54754,25.06345
1046,松山區,東昌,民生東路4段80巷4號旁公園電箱旁,台北市身心障礙者自立更生創業協會,(02)27099961,121.55294,25.05737
1047,大安區,黎孝,安居街35巷口與46巷口對面,台北市身心障礙者自立更生創業協會,(02)27099961,121.5528,25.0194
1048,大安區,錦泰,杭州南路2段67號前電箱旁,台北市身心障礙者自立更生創業協會,(02)27099961,121.55549,25.02153
1049,大安區,黎孝,和平東路3段260號與安居街公佈欄旁,台北市身心障礙者自立更生創業協會,(02)27099961,121.55549,25.02153
1050,松山區,精忠,民生東路4段56巷底,台北市身心障礙者自立更生創業協會,(02)27099961,121.5516427,25.056845
1051,南港區,新富,富康街47巷16號對面,台北市身障就業發展協會,0910-111-255,121.6177669,25.05306893
1076,大安區,臨江,通化街165巷口電線桿旁,臺北市至善無障愛關懷協會,(02)27096731,121.5537667,25.028486
1077,內湖區,港墘,江南街71巷16弄41號旁,臺北市至善無障愛關懷協會,(02)27096731,121.5770916,25.07571805
1078,內湖區,港墘,江南街65巷16弄口,臺北市至善無障愛關懷協會,(02)27096731,121.5785727,25.07709087
1079,內湖區,港墘,江南街19號對面,臺北市至善無障愛關懷協會,(02)27096731,121.5784861,25.07817575
1080,中山區,埤頭,八德路2段210巷10號斜對面公佈告欄,臺北市至善無障愛關懷協會,(02)27096731,121.5393934,25.0454078
1081,中山區,埤頭,八德路2段266號電箱旁(中影八德大樓旁),臺北市至善無障愛關懷協會,(02)27096731,121.541123,25.04686
1082,大安區,義安,敦化南路2段81巷46號前,臺北市至善無障愛關懷協會,(02)27096731,121.5514374,25.02988479
1083,士林區,永倫,通河西街2段140號對面,臺北市至善無障愛關懷協會,(02)27096731,121.505705,25.09321156
1084,士林區,福佳,美崙街152巷與美崙街交叉口右側反射鏡旁,臺北市至善無障愛關懷協會,(02)27096731,121.5196892,25.09695549
1085,士林區,忠誠,德行東路90巷23號旁及90巷21弄口,臺北市至善無障愛關懷協會,(02)27096731,121.5280412,25.1066444
1086,信義區,富台,忠孝東路5段275巷與虎林街120巷交叉路燈設備旁,臺北市至善無障愛關懷協會,(02)27096731,121.5712828,25.04224436
1087,士林區,福德,基河路311號斜對面258號人行道右側,臺北市至善無障愛關懷協會,(02)27096731,121.5202034,25.09338617
1088,士林區,福德,文林路421巷6號電線桿旁,臺北市至善無障愛關懷協會,(02)27096731,121.5244008,25.09430374
1089,士林區,忠誠,德行東路132巷1弄口電線桿下,臺北市至善無障愛關懷協會,(02)27096731,121.5291909,25.10771753
1090,士林區,福德,士商路57號旁,臺北市至善無障愛關懷協會,(02)27096731,121.5197716,25.09115663
1091,士林區,永倫,延平北路6段202號旁路燈,臺北市至善無障愛關懷協會,(02)27096731,121.5053203,25.08945534
1092,士林區,永倫,延平北路6段258巷與社中街口,臺北市至善無障愛關懷協會,(02)27096731,121.5029036,25.09193175
1093,士林區,永倫,永平街82號對面,臺北市至善無障愛關懷協會,(02)27096731,121.5050167,25.09169826
1094,大安區,法治,通化街171巷22弄口,臺北市至善無障愛關懷協會,(02)27096731,121.6022222,25.08722222
1095,大安區,光信,延吉街261號之3電桿旁,臺北市至善無障愛關懷協會,(02)27096731,121.555466,25.023333
1096,中山區,朱園,松江路63巷18號對面,臺北市至善無障愛關懷協會,(02)27096731,121.560341,25.017195
1097,中山區,朱園,伊通街39號,臺北市至善無障愛關懷協會,(02)27096731,121.559359,25.0209605
1098,信義區,黎忠,和平東路3段391巷56號斜對面(花圃旁),臺北市至善無障愛關懷協會,(02)27096731,121.593447,25.048173
1099,中山區,下埤,民族東路512巷26號對面,臺北市至善無障愛關懷協會,(02)27096731,121.607197,25.056091
1100,中山區,下埤,龍江路331巷1號,臺北市至善無障愛關懷協會,(02)27096731,121.495375,25.028656
1101,文山區,興泰,辛亥路4段166巷26弄興泰公園旁,台北市身心障礙運動體育會,(02)25975091,121.55591,25.00496
1102,文山區,興得,興隆路3段36巷17弄1號旁,台北市身心障礙運動體育會,(02)25975091,121.55506,24.99959
1103,文山區,萬祥,羅斯福路5段255之1號後巷,台北市身心障礙運動體育會,(02)25975091,121.53993,25.00147
1104,大安區,正聲,光復南路348號前,台北市身心障礙運動體育會,(02)25975091,121.55746,25.03831
1105,大安區,民炤,仁愛路3段20巷12號對面,台北市身心障礙運動體育會,(02)25975091,121.53429,25.03626
1106,大安區,民炤,新生南路1段161巷8之1號旁,台北市身心障礙運動體育會,(02)25975091,121.53452,25.03453
1107,大安區,民炤,建國南路1段304巷33號對面,台北市身心障礙運動體育會,(02)25975091,121.53583,25.03564
1108,大安區,民炤,建國南路1段258巷5號對面,台北市身心障礙運動體育會,(02)25975091,121.53075,25.03686
1109,大安區,民炤,新生南路1段161巷底,台北市身心障礙運動體育會,(02)25975091,121.53744,25.03458
1110,大安區,正聲,光復南路346巷底,台北市身心障礙運動體育會,(02)25975091,121.55542,25.03841
1111,大安區,龍圖,復興南路2段12巷1號對面,台北市身心障礙運動體育會,(02)25975091,121.54333,25.03272
1112,中山區,恆安,林森北路與民權東路1段口樹旁,台北市身心障礙運動體育會,(02)25975091,121.52574,25.06318
1113,文山區,景華,三福街2號旁,台北市身心障礙運動體育會,(02)25975091,121.54158,24.99599
1114,大安區,通安,通安街5號前,台北市身心障礙運動體育會,(02)25975091,121.55339,25.03272
1115,大安區,臨江,通化街171巷2號對面,台北市身心障礙運動體育會,(02)25975091,121.55374,25.02809
1116,大安區,臨江,基隆路2段132巷2號旁,台北市身心障礙運動體育會,(02)25975091,121.55666,25.02881
1126,文山區,景美,萬慶街8號對面2桿間,台北市身心障礙者保護協會,(02)25975091,121.54023,24.99222
1127,文山區,景美,羅斯福路6段276巷底,台北市身心障礙者保護協會,(02)25975091,121.53841,24.99176
1128,文山區,興昌,辛亥路4段77巷1~15號前,台北市身心障礙者保護協會,(02)25975091,121.55973,25.00738
1129,文山區,景東,景華街128巷2弄口,台北市身心障礙者保護協會,(02)25975091,121.54701,24.99562
1130,大安區,虎嘯,臥龍街26號對面,台北市身心障礙者保護協會,(02)25975091,121.54689,25.02297
1131,大安區,景安,潮州街107巷14號對面,台北市身心障礙者保護協會,(02)25975091,121.52776,25.02972
1132,大安區,景安,麗水街33巷15號對面,台北市身心障礙者保護協會,(02)25975091,121.52944,25.02796
1133,大安區,義村,仁愛路3段123巷13弄與復興南路1段196巷交口,台北市身心障礙者保護協會,(02)25975091,121.54312,25.03988
1134,大安區,正聲,光復南路240巷23號前,台北市身心障礙者保護協會,(02)25975091,121.55659,25.04065
1135,信義區,惠安,吳興街524巷口,台北市身心障礙者保護協會,(02)25975091,121.56901,25.02191
1136,信義區,廣居,忠孝東路5段372巷2號旁,台北市身心障礙者保護協會,(02)25975091,121.57394,25.04034
1137,士林區,福志,中正路志成路口,台北市身心障礙者保護協會,(02)25975091,121.53014,25.09632
1138,中正區,新營,寧波東路9巷口2桿間,台北市身心障礙者保護協會,(02)25975091,121.52002,25.03266
1139,萬華區,華江,環河南路2段250巷28弄38號公園旁,台北市身心障礙者保護協會,(02)25975091,121.49233,25.03415
1140,大安區,光武,復興南路1段135巷底公園旁,台北市身心障礙者保護協會,(02)25975091,121.54604,25.04263
1141,南港區,成福,東新街80巷10弄20號對面佈告欄旁,台北市身心障礙者保護協會,(02)25975091,121.58643,25.04556
1142,南港區,成福,成福路121巷24號電桿旁,台北市身心障礙者保護協會,(02)25975091,121.58806,25.04226
1151,文山區,木新,指南路1段14巷3號旁,台北市身心障礙者權益促進會,(02)25975091,121.56913,24.98709
1152,文山區,木新,木新路2段96號對面,台北市身心障礙者權益促進會,(02)25975091,121.57051,24.98507
1153,文山區,木新,保儀路109巷口,台北市身心障礙者權益促進會,(02)25975091,121.56801,24.98624
1154,文山區,興得,興隆路3段192巷口,台北市身心障礙者權益促進會,(02)25975091,121.55872,24.99799
1155,文山區,興旺,福興路21巷口,台北市身心障礙者權益促進會,(02)25975091,121.55131,25.00269
1156,文山區,興泰,興隆路2段301巷口內桿邊,台北市身心障礙者權益促進會,(02)25975091,121.55329,25.00158
1157,文山區,萬隆,萬隆街2號對面2桿間,台北市身心障礙者權益促進會,(02)25975091,121.53927,25.00044
1158,文山區,萬有,景隆街36巷2號對面公園路燈旁,台北市身心障礙者權益促進會,(02)25975091,121.54325,24.99894
1159,文山區,景華,景華街52巷7號對面,台北市身心障礙者權益促進會,(02)25975091,121.54375,24.99444
1160,文山區,景華,景興街42巷8弄口對面樹邊 ,台北市身心障礙者權益促進會,(02)25975091,121.54285,24.99683
1161,大安區,古風,龍泉街93巷口,台北市身心障礙者權益促進會,(02)25975091,121.52921,25.02185
1162,大安區,正聲,光復南路280巷24號旁(前),台北市身心障礙者權益促進會,(02)25975091,121.55658,25.04001
1163,北投區,榮華,榮華一路20巷口,台北市身心障礙者權益促進會,(02)25975091,121.52299,25.11149
1164,松山區,復建,光復南路32巷1之1號臺電電箱右側,台北市身心障礙者權益促進會,(02)25975091,121.55741,25.04668
1165,大安區,光信,延吉街233巷口,台北市身心障礙者權益促進會,(02)25975091,121.55566,25.03702
1166,南港區,仁福,福德街373巷41號對面,台北市身心障礙者權益促進會,(02)25975091,121.59247,25.03875
1167,松山區,吉仁,八德路3段74巷43號旁,台北市身心障礙者權益促進會,(02)25975091,121.55257,25.04622
1176,信義區,四維,虎林街70巷底(永吉路326巷21號旁),臺北市身障關愛福利協會,0933-494-219,121.5754656,25.0444656
1177,信義區,四維,信義區虎林街74巷12號(停車場口),臺北市身障關愛福利協會,0933-494-219,121.5762938,25.0439047
1178,信義區,四維,松山路292巷口(紅色郵筒旁),臺北市身障關愛福利協會,0933-494-219,121.5777021,25.0433893
1179,士林區,舊佳,中山北路5段777巷口(中山北路5段775號對面河堤樓梯旁),臺北市身障關愛福利協會,0933-494-219,121.5261389,25.09950504
1180,中山區,復華,龍江路120巷如意新村圍牆外登桿旁,臺北市身障關愛福利協會,0933-494-219,121.5392346,25.05340414
1181,信義區,廣居,忠孝東路5段236巷3弄口側門圍牆邊,臺北市身障關愛福利協會,0933-494-219,121.5719259,25.04041795
1182,大安區,通安,安和路二段23巷口左側側面燈桿旁,臺北市身障關愛福利協會,0933-494-219,121.5526585,25.0321278
1183,大安區,通安,安和路二段71巷口左側,臺北市身障關愛福利協會,0933-494-219,121.5524143,25.03037285
1184,大安區,敦安,敦化南路1段295巷4號對面電桿下,臺北市身障關愛福利協會,0933-494-219,121.5495155,25.03550715
1185,中山區,北安,北安路821巷4弄底(樓梯入口前人行道左側) ,臺北市身障關愛福利協會,0933-494-219,121.5555664,25.08579155
1186,大安區,錦華,平東路1段85巷4弄巷口,臺北市身障關愛福利協會,0933-494-219,121.5255263,25.02746494
1187,大安區,車層,忠孝東路4段216巷27弄16號對面,臺北市身障關愛福利協會,0933-494-219,121.5540415,25.03992438
1188,大安區,車層,忠孝東路4段216巷11弄口路名牌前,臺北市身障關愛福利協會,0933-494-219,121.5530256,25.04079224
1189,士林區,後港,大南路388巷口,臺北市身障關愛福利協會,0933-494-219,121.5161738,25.08927429
1190,士林區,後港,大南路428巷口布告欄旁,臺北市身障關愛福利協會,0933-494-219,121.5182894,25.08945427
1191,士林區,後港,承德路4段266巷2號旁,臺北市身障關愛福利協會,0933-494-219,121.5200441,25.08923433
1192,中正區,文祥,金山南路1段89巷口,臺北市身障關愛福利協會,0933-494-219,121.5278114,25.03619012
1193,中山區,埤頭,安東街16巷18弄口電桿下,臺北市身障關愛福利協會,0933-494-219,121.5407551,25.04531642
1194,中山區,復華,遼寧街132號對面路燈桿前,臺北市身障福利發展協會,(02)25912695,121.5421017,25.05357838
1195,中山區,復華,遼寧街133號對面路燈桿前,臺北市身障福利發展協會,(02)25912695,121.5420047,25.05207105
1196,內湖區,南湖,康寧路3段70巷135號對面公園布告欄旁,臺北市身障福利發展協會,(02)25912695,121.608684,25.0667995
1197,中山區,朱馥,民生東路3段與合江街口,臺北市身障福利發展協會,(02)25912695,121.5392086,25.05773187
1198,士林區,芝山,士東路266巷15弄口(士林芝山郵局對面),臺北市身障福利發展協會,(02)25912695,121.5374631,25.1113301
1199,士林區,明勝,承德路4段10巷底公布欄旁,臺北市身障福利發展協會,(02)25912695,121.5185094,25.08087661
1200,大安區,黎和,富陽街157巷口電箱旁,臺北市身障福利發展協會,(02)25912695,121.5578788,25.01775523
1201,大安區,黎和,臥龍街254號對面(加油站電箱旁),臺北市身障福利發展協會,(02)25912695,121.5572649,25.018506
1202,士林區,福順,重慶北路4段1巷15弄口,臺北市身障福利發展協會,(02)25912695,121.5123248,25.0795897
1203,中山區,朱馥,合江街20巷口公園,臺北市身障福利發展協會,(02)25912695,121.5390577,25.10419386
1204,大安區,通化,通化街39巷變電箱旁邊,臺北市身障福利發展協會,(02)25912695,121.5544259,25.0309254
1205,大安區,通化,光復南路676巷2號對面,臺北市身障福利發展協會,(02)25912695,121.5570789,25.03056536
1206,士林區,天母,中山北路7段207巷口,臺北市身障福利發展協會,(02)25912695,121.5327817,25.12587333
1207,士林區,天玉,天母北路72巷口電線桿下,臺北市身障福利發展協會,(02)25912695,121.5264973,25.12329192
1208,士林區,仁勇,文林路77號對面,臺北市身障福利發展協會,(02)25912695,121.5260163,25.08751833
1209,士林區,後港,福港街18巷15號對面,臺北市身障福利發展協會,(02)25912695,121.5175386,25.09082717
1210,北投區,中心,中和街63號對面,臺北市身障福利發展協會,(02)25912695,121.501925,25.13890696
1211,中山區,朱馥,興安公園西北角,臺北市身障福利發展協會,(02)25912695,121.5415543,25.05608018
1212,文山區,指南,指南路3段15號對面牆邊,臺北市身障者關懷服務協進會,(02)26886212,121.58002,24.98501
1213,文山區,興邦,興隆路2段233巷底,臺北市身障者關懷服務協進會,(02)26886212,121.55034,25.00224
1214,文山區,樟樹,興隆路4段96巷4弄口燈桿邊,臺北市身障者關懷服務協進會,(02)26886212,121.56138,24.98329
1215,文山區,樟樹,忠順街1段48巷5弄2號前,臺北市身障者關懷服務協進會,(02)26886212,121.56025,24.98367
1216,文山區,萬年,羅斯福路5段150巷底,臺北市身障者關懷服務協進會,(02)26886212,121.53763,25.00771
1217,文山區,萬年,汀州路4段105巷口,臺北市身障者關懷服務協進會,(02)26886212,121.53654,25.00659
1218,信義區,五常,永吉路225巷52弄19號對面公園邊,臺北市身障者關懷服務協進會,(02)26886212,121.57356,25.04741
1219,信義區,五常,永吉路187巷4弄2號邊,臺北市身障者關懷服務協進會,(02)26886212,121.57277,25.04621
1220,信義區,五常,永吉路225巷2弄口,臺北市身障者關懷服務協進會,(02)26886212,121.57416,25.04585
1221,信義區,五常,永吉路225巷1弄47號邊,臺北市身障者關懷服務協進會,(02)26886212,121.57546,25.04594
1222,信義區,六合,松仁路240巷2號對面,臺北市身障者關懷服務協進會,(02)26886212,121.56934,25.02473
1223,信義區,新仁,忠孝東路4段559巷16弄21號對面桿邊,臺北市身障者關懷服務協進會,(02)26886212,121.56448,25.04241
1224,信義區,新仁,忠孝東路4段559巷底,臺北市身障者關懷服務協進會,(02)26886212,121.56376,25.04427
1225,信義區,敦厚,永吉路30巷125號旁桿邊,臺北市身障者關懷服務協進會,(02)26886212,121.56885,25.04274
1226,士林區,天山,中山北路7段154巷與146巷交口,臺北市身障者關懷服務協進會,(02)26886212,121.53324,25.12335
1227,大安區,錦泰,金山南路2段132巷口,臺北市身障者關懷服務協進會,(02)26886212,121.52637,25.02976
1228,北投區,榮華,天母西路103號對面(振興公園內),臺北市身障者關懷服務協進會,(02)26886212,121.52362,25.11869
1229,大安區,仁愛,敦化南路1段236巷13號旁或1號前,臺北市身障者關懷服務協進會,(02)26886212,121.54812,25.04065
1230,松山區,慈佑,八德路4段765號對面,台北市弱勢彩券聯合促進會,(02)23026138,121.57796,25.05137
1231,中山區,仁行,龍江路五常街口(近五常國小),台北市弱勢彩券聯合促進會,(02)23026138,121.54202,25.06398
1232,松山區,慈佑,八德路4段與中坡北路口樹下,台北市弱勢彩券聯合促進會,(02)23026138,121.57957,25.05045
1233,松山區,慈佑,松河街190號對面,台北市弱勢彩券聯合促進會,(02)23026138,121.57694,25.05156
1234,松山區,慈佑,八德路4段598號旁變電箱下方,台北市弱勢彩券聯合促進會,(02)23026138,121.61047,25.06857
1235,內湖區,南湖,民權東路6段296巷76號對面人行道燈桿旁,台北市弱勢彩券聯合促進會,(02)23026138,121.53934,25.03416
1236,大安區,和安,信義路3段111巷16弄口圍牆旁,台北市弱勢彩券聯合促進會,(02)23026138,121.54206,25.03418
1237,中山區,朱馥,龍江路與興安街口 ,台北市弱勢彩券聯合促進會,(02)23026138,121.5405319,25.0563768
1238,中山區,朱馥,龍江路與長春路口,台北市弱勢彩券聯合促進會,(02)23026138,121.5403181,25.0547071
1239,中山區,大直,北安路595巷口電桿下,台北市弱勢彩券聯合促進會,(02)23026138,121.53207,25.05937
1240,中山區,中庄,民生東路2段115巷25弄14號對面公園桿子旁,台北市弱勢彩券聯合促進會,(02)23026138,121.53253,25.06414
1241,中山區,新福,松江路402巷7弄2號對面(變電箱旁),台北市弱勢彩券聯合促進會,(02)23026138,121.53255,25.06433
1242,中山區,新福,吉林路343巷口停車場旁,台北市弱勢彩券聯合促進會,(02)23026138,121.53042,25.06437
1243,中山區,新生,錦州街231巷口停車格旁,台北市弱勢彩券聯合促進會,(02)23026138,121.53251,25.06132
1244,大安區,德安,大安路1段175巷口,台北市弱勢彩券聯合促進會,(02)23026138,121.5462726,25.03651365
1245,內湖區,金龍,金龍路153號旁,台北市弱勢彩券聯合促進會,(02)23026138,121.5892938,25.08626705
1246,內湖區,金龍,金龍路13巷口,台北市弱勢彩券聯合促進會,(02)23026138,121.59482,25.08469
1247,內湖區,金龍,成功路4段214巷口,台北市弱勢彩券聯合促進會,(02)23026138,121.59496,25.09171
1248,文山區,華興,試院路104號對面(機車格旁),臺北市身心障礙者健康關懷協會,(02)26886212,121.5479041,24.98989639
1249,文山區,華興,木柵路1段191巷口,臺北市身心障礙者健康關懷協會,(02)26886212,121.55124,24.98801
1250,文山區,華興,辛亥路7段5巷口,臺北市身心障礙者健康關懷協會,(02)26886212,121.55242,24.98713
1251,文山區,試院,木柵路1段59巷口桿邊,臺北市身心障礙者健康關懷協會,(02)26886212,121.54603,24.98688
1252,文山區,試院,木柵路1段6號旁對面,臺北市身心障礙者健康關懷協會,(02)26886212,121.54598,24.98664
1253,文山區,興業,興隆路2段220巷31弄13號旁,臺北市身心障礙者健康關懷協會,(02)26886212,121.55321,25.00024
1254,文山區,興業,興隆路2段220巷55弄口對面,臺北市身心障礙者健康關懷協會,(02)26886212,121.55152,24.99966
1255,文山區,興業,辛亥路5段118巷口電氣設備邊,臺北市身心障礙者健康關懷協會,(02)26886212,121.55209,24.99736
1256,文山區,興旺,福興路63巷4弄27號對面,臺北市身心障礙者健康關懷協會,(02)26886212,121.54919,25.00461
1257,文山區,興得,興隆路3段116巷3弄31號旁,臺北市身心障礙者健康關懷協會,(02)26886212,121.55708,24.99847
1258,文山區,萬隆,萬隆街62巷口,臺北市身心障礙者健康關懷協會,(02)26886212,121.53671,25.00092
1259,大安區,義安,敦化南路2段55巷6號對面,臺北市身心障礙者健康關懷協會,(02)26886212,121.54957,25.03144
1260,文山區,萬有,羅斯福路6段159巷19號對面,臺北市身心障礙者健康關懷協會,(02)26886212,121.54229,24.99713
1261,大安區,昌隆,忠孝東路3段217巷1弄底,臺北市身心障礙者健康關懷協會,(02)26886212,121.53866,25.04236
1262,大安區,永康,金華街183巷6號對面機車格旁,臺北市身心障礙者健康關懷協會,(02)26886212,121.5272417,25.03038449
1263,文山區,樟腳,木新路3段95巷2弄2號邊,臺北市身心障礙者健康關懷協會,(02)26886212,121.56293,24.98175
1264,大安區,建安,敦化南路1段187巷4號旁,臺北市身心障礙者健康關懷協會,(02)26886212,121.54963,25.04251
1265,大安區,光武,大安路31巷54-1號,臺北市身心障礙者健康關懷協會,(02)26886212,121.54814,25.04382
1266,文山區,景美,羅斯福路6段316號電桿旁,臺北市身心障礙者創業發展協會,(02)26886212,121.53955,24.99017
1267,信義區,惠安,吳興街432巷106號附近牆邊,臺北市身心障礙者創業發展協會,(02)26886212,121.56763,25.02381
1268,士林區,福志,中山北路5段726巷口,臺北市身心障礙者創業發展協會,(02)26886212,121.52729,25.09873
1269,大安區,民輝,建國南路1段44巷口桿邊,臺北市身心障礙者創業發展協會,(02)26886212,121.53628,25.04385
1270,大安區,民輝,新生南路1段97巷22號旁,臺北市身心障礙者創業發展協會,(02)26886212,121.53466,25.04109
1271,大安區,民輝,新生南路1段八德路口,臺北市身心障礙者創業發展協會,(02)26886212,121.53329,25.04438
1272,大安區,民輝,仁愛路3段51巷8號對面,臺北市身心障礙者創業發展協會,(02)26886212,121.53593,25.03976
1273,大安區,民輝,仁愛路3段5巷底,臺北市身心障礙者創業發展協會,(02)26886212,121.53344,25.04008
1274,文山區,華興,光輝路16號斜對面桿旁,臺北市身心障礙者創業發展協會,(02)26886212,121.55511,24.98751
1275,大安區,建倫,敦化南路1段233巷20號旁,臺北市身心障礙者創業發展協會,(02)26886212,121.54971,25.04037
1276,大安區,龍淵,和平東路2段98號側邊對面人行道電信設備邊,臺北市身心障礙者創業發展協會,(02)26886212,121.54129,25.02474
1277,大安區,仁愛,忠孝東路4段26巷67號旁,臺北市身心障礙者創業發展協會,(02)26886212,121.54444,25.03911
1278,大安區,仁愛,仁愛路4段91巷3號對面,臺北市身心障礙者創業發展協會,(02)26886212,121.54799,25.03854
1279,大安區,全安,和平東路3段119巷6號邊,臺北市身心障礙者創業發展協會,(02)26886212,121.55159,25.02478
1280,大安區,敦煌,安和路1段109巷底電信設備邊,臺北市身心障礙者創業發展協會,(02)26886212,121.55323,25.03579
1281,大安區,龍生,和平東路2段107巷口天橋下,臺北市身心障礙者創業發展協會,(02)26886212,121.54028,25.02551
1282,大安區,大學,溫州街46號附近廟旁兩桿間,臺北市身心障礙者創業發展協會,(02)26886212,121.53312,25.02192
1283,文山區,樟新,樟新街18號對面,臺北市身心障礙者創業發展協會,(02)26886212,121.55515,24.97931
1284,文山區,木柵,久康街171號對面,臺北市身障者互助關懷協會,(02)26886212,121.56873,24.99063
1285,文山區,順興,忠順街2段129號（伯大尼托兒所旁）,臺北市身障者互助關懷協會,(02)26886212,121.56684,24.98471
1286,文山區,順興,臺北市保儀路138巷24號對面,臺北市身障者互助關懷協會,(02)26886212,121.56562,24.98432
1287,文山區,興得,辛亥路5段73巷口里辦公室公告欄右邊,臺北市身障者互助關懷協會,(02)26886212,121.55331,24.99803
1288,文山區,興昌,辛亥路4段21巷口,臺北市身障者互助關懷協會,(02)26886212,121.55861,25.00849
1289,文山區,興昌,辛亥路4段101巷口電器設備旁,臺北市身障者互助關懷協會,(02)26886212,121.55864,25.00663
1290,文山區,萬祥,羅斯福路5段211巷17弄口,臺北市身障者互助關懷協會,(02)26886212,121.53961,25.00253
1291,大安區,民輝,濟南路3段17-1號旁對面,臺北市身障者互助關懷協會,(02)26886212,121.53457,25.04026
1292,文山區,樟新,一壽街22號旁(里民活動中心旁),臺北市身障者互助關懷協會,(02)26886212,121.55649,24.97987
1293,大安區,龍生,復興南路2段210巷2號旁,臺北市身障者互助關懷協會,(02)26886212,121.54279,25.02646
1294,信義區,中興,光復南路473巷11弄60號對面,臺北市身障者互助關懷協會,(02)26886212,121.55964,25.03448
1295,北投區,立農,立農街1段582號對面,臺北市身障者互助關懷協會,(02)26886212,121.51134,25.11938
1296,北投區,文林,文林北路242號旁,臺北市身障者互助關懷協會,(02)26886212,121.51357,25.10888
1297,中山區,新庄,新生北路3段35號旁防火巷前柱旁,臺北市身障者互助關懷協會,(02)26886212,121.52802,25.06503
1298,大安區,德安,四維路76巷口對面,臺北市身障者互助關懷協會,(02)26886212,121.54821,25.03421
1299,大安區,德安,四維路22巷口,臺北市身障者互助關懷協會,(02)26886212,121.54801,25.03638
1300,大安區,通安,安和路2段123號前,臺北市身障者互助關懷協會,(02)26886212,121.55132,25.02932
1301,大安區,全安,安和路2段184巷7號旁,臺北市身障者互助關懷協會,(02)26886212,121.54952,25.02511
1302,文山區,萬年,汀州路4段1號對面電器設備邊,臺北市弱勢者就業促進協會,(02)26886212,121.53664,25.01039
1303,文山區,華興,木柵路1段335巷口,臺北市弱勢者就業促進協會,(02)26886212,121.55764,24.98887
1304,文山區,興邦,興隆路2段203巷90~94號對面,臺北市弱勢者就業促進協會,(02)26886212,121.54663,25.00259
1305,大安區,義安,文昌街39號旁,臺北市弱勢者就業促進協會,(02)26886212,121.55018,25.03291
1306,大安區,仁愛,大安路1段116巷15號對面,臺北市弱勢者就業促進協會,(02)26886212,121.54489,25.03977
1307,大安區,通安,通安街64號旁,臺北市弱勢者就業促進協會,(02)26886212,121.55322,25.03061
1308,大安區,通安,通化街24巷口,臺北市弱勢者就業促進協會,(02)26886212,121.55394,25.03166
1309,大安區,全安,樂利路10號桿邊,臺北市弱勢者就業促進協會,(02)26886212,121.55101,25.02808
1310,大安區,龍門,和平東路2段18巷17~1號對面,臺北市弱勢者就業促進協會,(02)26886212,121.53588,25.02293
1311,大安區,永康,金山南路2段31巷與麗水街電箱旁,臺北市弱勢者就業促進協會,(02)26886212,121.52897,25.03255
1312,大安區,永康,愛國東路與麗水街口旁,臺北市弱勢者就業促進協會,(02)26886212,121.52872,25.03132
1313,大安區,建倫,敦化南路1段233巷24號邊,臺北市弱勢者就業促進協會,(02)26886212,121.55081,25.04034
1314,大安區,龍生,瑞安街266號對面,臺北市弱勢者就業促進協會,(02)26886212,121.53937,25.02633
1315,文山區,樟腳,木新路2段299巷口,臺北市弱勢者就業促進協會,(02)26886212,121.56539,24.98266
1316,文山區,樟腳,恆光街51巷口電信設備邊,臺北市弱勢者就業促進協會,(02)26886212,121.56719,24.98241
1317,大安區,光明,金山南路2段30巷口,臺北市弱勢者就業促進協會,(02)26886212,121.52697,25.03312
1318,文山區,木柵,木柵路3段85巷8弄5-1號對面變電箱旁,臺北市弱勢者就業促進協會,(02)26886212,121.56702,24.98938
1320,大安區,住安,四維路154巷口對面,臺北市恩寶身心障礙者關懷協會,(02)26886212,121.54805,25.03104
1321,大安區,住安,大安路2段90巷口,臺北市恩寶身心障礙者關懷協會,(02)26886212,121.54599,25.03125
1322,大安區,臨江,通化街39巷50弄101號旁,臺北市恩寶身心障礙者關懷協會,(02)26886212,121.55493,25.02861
1323,中正區,文祥,杭州南路1段143巷11之5號旁,臺北市恩寶身心障礙者關懷協會,(02)26886212,121.52562,25.03599
1324,文山區,景華,景華街22巷7號旁人行道,臺北市恩寶身心障礙者關懷協會,(02)26886212,121.54237,24.99439
1325,大安區,錦華,潮州街38號前桿旁,臺北市恩寶身心障礙者關懷協會,(02)26886212,121.52269,25.02941
1326,大安區,錦華,潮州街60巷口燈桿旁,臺北市恩寶身心障礙者關懷協會,(02)26886212,121.52376,25.02919
1327,大安區,錦華,潮州街98巷8號邊,臺北市恩寶身心障礙者關懷協會,(02)26886212,121.52519,25.02837
1328,大安區,錦華,和平東路1段85巷4弄底,臺北市恩寶身心障礙者關懷協會,(02)26886212,121.52511,25.02754
1329,松山區,吉仁,延吉街30巷1號旁,臺北市恩寶身心障礙者關懷協會,(02)26886212,121.55331,25.04613
1330,文山區,樟文,忠順街1段26巷30弄口,臺北市恩寶身心障礙者關懷協會,(02)26886212,121.55956,24.98259
1331,文山區,樟文,木新路3段310巷12弄底公園邊,臺北市恩寶身心障礙者關懷協會,(02)26886212,121.55789,24.98213
1332,文山區,景華,景華街49巷5號斜對面公園邊,臺北市恩寶身心障礙者關懷協會,(02)26886212,121.54291,24.99553
1333,文山區,興旺,福興路4巷15弄口,臺北市恩寶身心障礙者關懷協會,(02)26886212,121.55191,25.00339
1334,文山區,興旺,福興路4巷7弄口,臺北市恩寶身心障礙者關懷協會,(02)26886212,121.55164,25.00314
1335,大安區,光明,信義路2段10巷11弄口,臺北市恩寶身心障礙者關懷協會,(02)26886212,121.52459,25.03411
