編號,經度,緯度,廠商名稱_市招,經營主體,電話,分機,地址
1,121.5625,25.0353,君悅大飯店-綠洲健身中心,豐隆大飯店股份有限公司,(02)27201200,3572,臺北市信義區松壽路2號5樓
2,121.5667,25.0317,信義運動中心,社團法人中國青年救國團,(02)87861911,305,臺北市信依區松勤街100號
3,121.5612,25.0258,臺北醫學大學,臺北醫學大學,(02)27361661,2270,臺北市信義區吳興街250號
4,121.5762,25.0410,GO GYM健身俱樂部〈永春館〉,高勁健身事業股份有限公司,(02)27650700,,臺北市信義區忠孝東路5段451號B1
5,121.5690,25.0360,那米哥信義會館,那米哥國際股份有限公司,(02)23458199,,臺北市信義區松仁路101號B1
6,121.5708,25.0362,博愛國小,舞動陽光有限公司,(02)23450616,635,臺北市信義區松仁路95巷20號
7,121.5795,25.0450,台北市中華基督教青年會〈永吉會館〉,財團法人台北市中華基督教青年會,(02)27631261,,臺北市信義區永吉路500號
8,121.5666,25.0608,三民公園游泳池,桑斯伯國際有限公司,(02)87876527,,臺北市松山區撫遠街298號
9,121.5571,25.0533,泉心健康休閒會館,泉心健康休閒事業股份有限公司,(02)27650101,,臺北市松山區健康路156號B1
10,121.5475,25.0572,世界健身中心民生店,庚京健康世界股份有限公司,(02)87128200,,臺北市松山區民生東路3段156號B1
11,121.5504,25.0483,松山運動中心,匯揚百貨事業股份有限公司,(02)66176789,,臺北市松山區敦化北路1號
12,121.5778,25.0502,松山國小,頂尖運動行銷有限公司,(02)25286575,,臺北市松山區八德路4段746號
13,121.5508,25.0374,仁愛國中,藍鯨管理顧問股份有限公司,(02)27057349,,臺北市大安區仁愛路4段130號
14,121.6238,25.0305,山豬窟游泳池,舞動陽光有限公司,(02)26547412,,臺北市南港區舊莊街1段290巷32號
15,121.6161,25.0421,中央研究院綜合體育館游泳池,中央研究院,(02)27852717,7328,臺北市南港區研究院路2段128號
16,121.6103,25.0571,南港國小,舞動陽光有限公司,(02)27834678,2209,臺北市南港區惠民街67號
17,121.5192,25.0381,中正運動中心,遠東鐵櫃鋼鐵廠股份有限公司中正營業所,(02)33225016,,臺北市中正區信義路1段1號
18,121.5213,25.0548,中山運動中心,社團法人中國青年救國團,(02)25711060,,臺北市中山區中山北路2段44巷2號
19,121.5300,25.0496,長安國小,陽光魚整合行銷有限公司,(02)25113217,,臺北市中山區吉林路15號B1
20,121.5144,25.0355,臺北市立大學博愛校區附設泳池,臺北市立大學,(02)23113040,,臺北市愛國西路1號
21,121.5382,25.0640,榮星花園溫水游泳池,桑斯伯國際有限公司,(02)25175383,,臺北市中山區建國北路3段39號
22,121.5296,25.0685,新生公園游泳池,桑斯伯國際有限公司,(02)25956489,,臺北市中山區新生北路3段105號
23,121.5233,25.0523,大倉久和大飯店,長鴻榮實業股份有限公司,(02)21815123,,臺北市中山區南京東路1段9號
24,121.5162,25.0652,大同運動中心,遠東鐵櫃鋼鐵廠股份有限公司大同營業所,(02)25920055,,臺北市大同區大龍街51號
25,121.5169,25.0551,桑富士股份有限公司附設泳池,桑富士股份有限公司,(02)25527579,,臺北市大同區平陽街29號1樓
26,121.5068,25.0473,萬華運動中心 ,社團法人中國青年救國團,(02)23818878,,臺北市萬華區西寧南路6-1號
27,121.5035,25.0431,西門國民小學游泳池,藍鯨管理顧問股份有限公司,(02)23888908,,臺北市萬華區成都路98號
28,121.5037,25.0381,台北市中華基督教青年會〈萬華會館〉,財團法人台北市中華基督教青年會,(02)23610271,,臺北市萬華區昆明街290號
29,121.5070,25.0222,青年公園游泳池,運博國際有限公司,(02)23053800,,臺北市萬華區水源路199號
30,121.4988,25.0291,萬華國中,正日中體育事業股份有限公司,(02)23390988,,臺北市萬華區西藏路201號
31,121.4961,25.0286,華江高中,世清股份有限公司,(02)23396689,,臺北市萬華區西藏路213號
32,121.4927,25.0276,雙園國中附設藍鯨游泳學校,加勒比健康事業股份有限公司,(02)23071700,,臺北市萬華區興義街2號
33,121.5448,25.0245,國立臺北教育大學泳健館,長佳機電工程股份有限公司,(02)27331588,,臺北市大安區和平東路2段134號
34,121.5265,25.0256,國立臺灣師範大學游泳館,國立臺灣師範大學,(02)77343181,,臺北市大安區和平東路1段162號
35,121.5343,25.0236,公務人力發展中心福華國際文教會館游池,福華大飯店股份有限公司,(02)77122323,2013,臺北市大安區新生南路3段30號
36,121.5365,25.0197,國立臺灣大學綜合體育館溫水游泳池,國立臺灣大學,(02)33665959,,臺北市大安區羅斯福路4段1號
37,121.5365,25.0197,國立臺灣大學總區室外游泳池,國立臺灣大學,(02)33669514,,臺北市大安區羅斯福路4段1號
38,121.5382,25.0246,市立龍門國民中學游泳池,桑斯伯國際有限公司,(02)27390722,,臺北市大安區建國南路2段269號
39,121.5458,25.0209,大安運動中心,社團法人中國青年救國團,(02)23770300,,臺北市大安區辛亥路3段55號
40,121.5433,25.0141,國立臺灣科技大學,國立臺灣科技大學,(02)27376503,6912,臺北市大安區基隆路4段43號
41,121.5466,24.9989,靜心中小學,桑斯伯國際有限公司,(02)29359063,,臺北市文山區興隆路2段46號
42,121.5594,24.9970,文山運動中心,社團法人中國青年救國團,(02)22308268,,臺北市文山區興隆路3段222號
43,121.5761,24.9873,國立政治大學游泳館,國立政治大學,(02)29393091,62961,臺北市文山區指南路2段64號
44,121.5778,25.0030,博嘉運動公園游泳池〈木柵垃圾焚化廠〉,京元鼎育樂股份有限公司,(02)22395494,,臺北市文山區木柵路4段159巷16號
45,121.6069,25.0643,葫蘆洲運動公園游泳池〈內湖垃圾焚化廠〉,環保局內湖垃圾焚化廠,(02)27961833,362,臺北市內湖區安康路290號
46,121.6106,25.0664,市立南湖高中運動場館,頂尖運動行銷有限公司,(02)26308889,305,臺北市內湖區康寧路3段220號（公司：臺北市南京東路6段348號5樓之1）
47,121.5751,25.0783,內湖運動中心,遠東鐵櫃鋼鐵廠股份有限公司中正營業所,(02)26277776,,臺北市內湖區洲子街12號
48,121.5799,25.0681,貝克漢健康運動世界,貝克漢健康事業股份有限公司,(02)66029969,,臺北市內湖區民權東路6段15巷1號B1﹝申報瑞光路76巷101號﹞
49,121.6043,25.0825,大湖游泳池,運博國際有限公司,(02)27939859,,臺北市內湖區成功路5段31號大湖公園內
50,121.5282,25.0775,台北市美僑協會,台北市美僑協會,(02)28858260,83,臺北市中山區北安路47號
51,121.5415,25.0777,北安國中,太格股份有限公司,(02)25333888,,臺北市中山區明水路325號
52,121.5613,25.0782,濱江國小,采堤運動休閒管理顧問有限公司,(02)85023217,,臺北市中山區樂群2路266巷99號之1
53,121.5352,25.1159,臺北市立大學天母校區,臺北市立大學,(02)28718288,,臺北市士林區忠誠路2段101號
54,121.5250,25.1047,天母聯誼會游泳池,嘉德開發股份有限公司,(02)28339696,,臺北市士林區中山北路6段88號B2
55,121.5312,25.1197,World Gym健身俱樂部〈天母店〉,香港商世界健身事業有限公司天母分公司,(02)28755050,,臺北市士林區中山北路7段34號1樓
56,121.5299,25.0984,福林國小,溥鑫有限公司,(02)28317739,,臺北市士林區福志路75號
57,121.5204,25.1177,國立臺北護理健康大學北護水療中心,國立臺北護理健康大學,(02)28229499,,臺北市北投區明德路365號（台北護理學院內 ）
58,121.5046,25.1172,台北市中華基督教青年會〈唭理岸會館〉,財團法人台北市中華基督教青年會,(02)28227070,,臺北市北投區承德路7段312號1樓
59,121.4992,25.1077,洲美運動公園游泳池〈北投垃圾焚化廠〉,鴻翔體育事業有限公司,(02)28340998,,臺北市北投區洲美街271號
60,121.5098,25.1164,北投運動中心,建中工程股份有限公司,(02)28202880,,臺北市北投區石牌路1段39巷100號
61,121.4839,25.1356,臺北捷運公司北投會館游泳池,臺北大眾捷運股份有限公司,(02)28930105,8320,臺北市北投區大業路527巷88號
62,121.4668,25.1268,關渡國小,舞動陽光有限公司,(02)28975205,,臺北市北投區中央北路4段581號
63,121.5213,25.0896,士林運動中心,財團法人台北市中華基督教青年會,(02)28806066,,臺北市士林區士商路1號
64,121.5070,25.0837,葫蘆國民小學,正日中體育事業股份有限公司,(02)28129586,,臺北市士林區環河北路3段95號
65,121.5186,25.0487,統一健身俱樂部台北京站館,統一佳佳股份有限公司,(02)25588148,,臺北市大同區市民大道1段209號8樓-9樓
66,121.5074,25.0498,玉泉公園游泳池,運博國際有限公司,(02)25506316,,臺北市大同區西寧北路28號
67,121.5675,25.0015,萬芳游泳池,京元鼎育樂股份有限公司,(02)22306295,,臺北市文山區萬和街2號
68,121.5765,24.9904,萬興國小,凱格運動事業股份有限公司,(02)29381721,,臺北市文山區秀明路2段114號
69,121.5604,24.9868,木柵公園游泳池,京元鼎育樂股份有限公司,(02)29362029,,臺北市文山區興隆路4段50號木柵公園內
70,121.5331,25.0123,諾德城堡戶外戲水區,建中工程股份有限公司,(02)23677556,,臺北市中正區汀洲路3段160巷底
71,121.5331,25.0123,諾德城堡,建中工程股份有限公司,(02)23677556,,臺北市中正區汀洲路3段160巷底
72,121.5820,25.0490,南港運動中心,社團法人中國青年救國團,(02)26532279,,臺北市南港區玉成街69號
73,121.5878,25.0448,成德國中,舞動陽光有限公司,(02)27825000,,臺北市南港區東新街108巷23號
74,121.5854,25.0418,玉成公園游泳池,京元鼎育樂股份有限公司,(02)27271075,,臺北市南港區中坡南路55號
75,121.5228,25.1075,克強公園游泳池,運博國際有限公司,(02)28323901,,臺北市士林區礦溪街55巷2號
76,121.5209,25.0852,前港公園游泳池,運博國際有限公司,(02)28819838,,臺北市士林區前港街45號
77,121.5308,25.1288,天溪公園游泳池,運博國際有限公司,(02)28713794,,臺北市北投區中山北路7段219巷3弄170號
78,121.5485,25.1516,前山游泳池,運博國際有限公司,(02)0937982098,,臺北市北投區建國路4號
79,121.4998,25.1353,七虎公園游泳池,運博國際有限公司,(02)28229499,,臺北市北投區育仁路108號
80,121.4734,25.1367,國立臺北藝術大學室內溫水游泳館,波菲美有限公司,(02)28938766,,臺北市北投區學園路1號
81,121.5865,25.0814,碧湖公園游泳池,桑斯伯國際有限公司,(02)0980407312,,臺北市內湖區內湖路2段175號
82,121.5264,25.0789,圓山聯誼會游泳池,台北圓山聯誼會,(02)28861818,1716,臺北市中山區中山北路4段1號
83,121.5497,25.0508,汐游寶寶,汐游寶寶有限公司,(02)25778555,,臺北市松山區南京東路4段2號地下1樓
84,121.5134,25.1196,國立陽明大學游泳池,燕筑休閒事業股份有限公司,(02)28206000,,臺北市北投區立農街2段155號